Workbook

Sheet Data
A1: MUNICIPALITY | E1: VISIT DATA | I1: RESTAURANT LINK | K1: WIKIPEDIA | L1: INSTAGRAM | P1: TIKTOK | T1: YOUTUBE | X1: THREADS | AB1: BLUESKY | AF1: FACEBOOK | AJ1: EXTRA / OVERFLOW LINKS
A2: name | B2: county | C2: geoid | D2: townType | E2: status | F2: visitNumber | G2: restaurantName | H2: dateVisited | I2: restaurant_label | J2: restaurant_url | K2: wikipedia_url | L2: instagram1_label | M2: instagram1_url | N2: instagram2_label | O2: instagram2_url | P2: tiktok1_label | Q2: tiktok1_url | R2: tiktok2_label | S2: tiktok2_url | T2: youtube1_label | U2: youtube1_url | V2: youtube2_label | W2: youtube2_url | X2: threads1_label | Y2: threads1_url | Z2: threads2_label | AA2: threads2_url | AB2: bluesky1_label | AC2: bluesky1_url | AD2: bluesky2_label | AE2: bluesky2_url | AF2: facebook1_label | AG2: facebook1_url | AH2: facebook2_label | AI2: facebook2_url | AJ2: extra1_category | AK2: extra1_platform | AL2: extra1_label | AM2: extra1_url | AN2: extra2_category | AO2: extra2_platform | AP2: extra2_label | AQ2: extra2_url | AR2: extra3_category | AS2: extra3_platform | AT2: extra3_label | AU2: extra3_url
A3: Aberdeen | B3: Monmouth | C3: 3402500070 | D3: township | E3: pre-challenge | G3: Alternate Ending | H3: 45042 | I3: Alternate Ending Beer Co. | J3: https://www.alternateendingbeerco.com/ | K3: =IF(A3="","","https://en.wikipedia.org/wiki/"&SUBSTITUTE(A3," ","_")&IF(D3="township","_Township","")&",_New_Jersey") -> https://en.wikipedia.org/wiki/Aberdeen_Township,_New_Jersey
A4: Absecon | B4: Atlantic | C4: 3400100100 | D4: city | E4: unvisited | K4: =IF(A4="","","https://en.wikipedia.org/wiki/"&SUBSTITUTE(A4," ","_")&IF(D4="township","_Township","")&",_New_Jersey") -> https://en.wikipedia.org/wiki/Absecon,_New_Jersey
A5: Alexandria | B5: Hunterdon | C5: 3401900550 | D5: township | E5: queued | F5: 245 | G5: The Ciderhouse At Ironbound Farm | H5: 45599 | I5: Ironbound Farm and Ciderhouse | J5: https://www.ironboundhardcider.com/ | K5: =IF(A5="","","https://en.wikipedia.org/wiki/"&SUBSTITUTE(A5," ","_")&IF(D5="township","_Township","")&",_New_Jersey") -> https://en.wikipedia.org/wiki/Alexandria_Township,_New_Jersey
A6: Allamuchy | B6: Warren | C6: 3404100670 | D6: township | E6: unvisited | K6: =IF(A6="","","https://en.wikipedia.org/wiki/"&SUBSTITUTE(A6," ","_")&IF(D6="township","_Township","")&",_New_Jersey") -> https://en.wikipedia.org/wiki/Allamuchy_Township,_New_Jersey
A7: Allendale | B7: Bergen | C7: 3400300700 | D7: borough | E7: unvisited | K7: =IF(A7="","","https://en.wikipedia.org/wiki/"&SUBSTITUTE(A7," ","_")&IF(D7="township","_Township","")&",_New_Jersey") -> https://en.wikipedia.org/wiki/Allendale,_New_Jersey
A8: Allenhurst | B8: Monmouth | C8: 3402500730 | D8: borough | E8: visited | F8: 91 | G8: Mister C's | H8: 45122 | I8: Mister C's Beach Bistro | J8: http://www.mistercsbeachbistro.com/ | K8: =IF(A8="","","https://en.wikipedia.org/wiki/"&SUBSTITUTE(A8," ","_")&IF(D8="township","_Township","")&",_New_Jersey") -> https://en.wikipedia.org/wiki/Allenhurst,_New_Jersey | L8: NJ Town #91: Allenhurst | M8: https://www.instagram.com/p/DDk5FqqxJAT/ | AL8: Town #91 | AM8: https://www.instagram.com/p/DDk5FqqxJAT/?img_index=1
A9: Allentown | B9: Monmouth | C9: 3402500760 | D9: borough | E9: visited | F9: 96 | G9: Woody's Towne Café | H9: 45143 | I9: Woody's Towne Cafe | K9: =IF(A9="","","https://en.wikipedia.org/wiki/"&SUBSTITUTE(A9," ","_")&IF(D9="township","_Township","")&",_New_Jersey") -> https://en.wikipedia.org/wiki/Allentown,_New_Jersey | L9: NJ Town #96: Allentown | M9: https://www.instagram.com/p/DEnQVmrxshl/ | AL9: Town #96 | AM9: https://www.instagram.com/p/DEnQVmrxshl/
A10: Alloway | B10: Salem | C10: 3403300880 | D10: township | E10: unvisited | K10: =IF(A10="","","https://en.wikipedia.org/wiki/"&SUBSTITUTE(A10," ","_")&IF(D10="township","_Township","")&",_New_Jersey") -> https://en.wikipedia.org/wiki/Alloway_Township,_New_Jersey
A11: Alpha | B11: Warren | C11: 3404101030 | D11: borough | E11: queued | F11: 140 | G11: Alpha Family Restaurant | H11: 45248 | I11: Alpha Family Restaurant | K11: =IF(A11="","","https://en.wikipedia.org/wiki/"&SUBSTITUTE(A11," ","_")&IF(D11="township","_Township","")&",_New_Jersey") -> https://en.wikipedia.org/wiki/Alpha,_New_Jersey
A12: Alpine | B12: Bergen | C12: 3400301090 | D12: borough | E12: queued | F12: 239 | G12: Kiku Japanese Steakhouse | H12: 2024-10-11 | I12: Kiku Japanese Steakhouse | J12: https://www.kikurestaurantsnj.com/ | K12: =IF(A12="","","https://en.wikipedia.org/wiki/"&SUBSTITUTE(A12," ","_")&IF(D12="township","_Township","")&",_New_Jersey") -> https://en.wikipedia.org/wiki/Alpine,_New_Jersey
A13: Andover | B13: Sussex | C13: 3403701330 | D13: borough | E13: unvisited | K13: =IF(A13="","","https://en.wikipedia.org/wiki/"&SUBSTITUTE(A13," ","_")&IF(D13="township","_Township","")&",_New_Jersey") -> https://en.wikipedia.org/wiki/Andover,_New_Jersey
A14: Andover | B14: Sussex | C14: 3403701360 | D14: township | E14: unvisited | K14: =IF(A14="","","https://en.wikipedia.org/wiki/"&SUBSTITUTE(A14," ","_")&IF(D14="township","_Township","")&",_New_Jersey") -> https://en.wikipedia.org/wiki/Andover_Township,_New_Jersey
A15: Asbury Park | B15: Monmouth | C15: 3402501960 | D15: city | E15: pre-challenge | G15: Pascal & Sabine | H15: 44970 | I15: Pascal & Sabine | J15: https://www.pascalandsabine.com/ | K15: =IF(A15="","","https://en.wikipedia.org/wiki/"&SUBSTITUTE(A15," ","_")&IF(D15="township","_Township","")&",_New_Jersey") -> https://en.wikipedia.org/wiki/Asbury_Park,_New_Jersey
A16: Atlantic City | B16: Atlantic | C16: 3400102080 | D16: city | E16: pre-challenge | G16: Amada | H16: 43639 | I16: Amada | J16: https://www.theoceanac.com/restaurants/amada | K16: =IF(A16="","","https://en.wikipedia.org/wiki/"&SUBSTITUTE(A16," ","_")&IF(D16="township","_Township","")&",_New_Jersey") -> https://en.wikipedia.org/wiki/Atlantic_City,_New_Jersey
A17: Atlantic Highlands | B17: Monmouth | C17: 3402502110 | D17: borough | E17: visited | F17: 89 | G17: On The Deck | H17: 45121 | I17: On The Deck | J17: https://www.onthedeckrestaurant.com/ | K17: =IF(A17="","","https://en.wikipedia.org/wiki/"&SUBSTITUTE(A17," ","_")&IF(D17="township","_Township","")&",_New_Jersey") -> https://en.wikipedia.org/wiki/Atlantic_Highlands,_New_Jersey | L17: NJ Town #89: Atlantic Highlands | M17: https://www.instagram.com/p/DDV4lsBxiYH/ | AL17: Town #89 | AM17: https://www.instagram.com/p/DDV4lsBxiYH/
A18: Audubon | B18: Camden | C18: 3400702200 | D18: borough | E18: queued | F18: 283 | G18: Cafe Nitido | H18: 2025-12-31 | I18: Café Nitido | K18: =IF(A18="","","https://en.wikipedia.org/wiki/"&SUBSTITUTE(A18," ","_")&IF(D18="township","_Township","")&",_New_Jersey") -> https://en.wikipedia.org/wiki/Audubon,_New_Jersey
A19: Audubon Park | B19: Camden | C19: 3400702230 | D19: borough | E19: unvisited | K19: =IF(A19="","","https://en.wikipedia.org/wiki/"&SUBSTITUTE(A19," ","_")&IF(D19="township","_Township","")&",_New_Jersey") -> https://en.wikipedia.org/wiki/Audubon_Park,_New_Jersey
A20: Avalon | B20: Cape May | C20: 3400902320 | D20: borough | E20: unvisited | K20: =IF(A20="","","https://en.wikipedia.org/wiki/"&SUBSTITUTE(A20," ","_")&IF(D20="township","_Township","")&",_New_Jersey") -> https://en.wikipedia.org/wiki/Avalon,_New_Jersey
A21: Avon-by-the-Sea | B21: Monmouth | C21: 3402502440 | D21: borough | E21: visited | F21: 104 | G21: The Columns | H21: 45156 | I21: The Columns | J21: https://thecolumnsnj.com/ | K21: =IF(A21="","","https://en.wikipedia.org/wiki/"&SUBSTITUTE(A21," ","_")&IF(D21="township","_Township","")&",_New_Jersey") -> https://en.wikipedia.org/wiki/Avon-by-the-Sea,_New_Jersey | L21: NJ Town #104: Avon-by-the-Sea | M21: https://www.instagram.com/p/DF0YLZfxU-q/ | AL21: Town #104 | AM21: https://www.instagram.com/p/DF0YLZfxU-q/
A22: Barnegat | B22: Ocean | C22: 3402903050 | D22: township | E22: queued | F22: 227 | G22: Sun Harbor Seafood & Grill | H22: 45535 | I22: Sun Harbor Seafood and Grill | J22: https://www.sunharborseafoodandgrill.com/ | K22: =IF(A22="","","https://en.wikipedia.org/wiki/"&SUBSTITUTE(A22," ","_")&IF(D22="township","_Township","")&",_New_Jersey") -> https://en.wikipedia.org/wiki/Barnegat_Township,_New_Jersey
A23: Barnegat Light | B23: Ocean | C23: 3402903130 | D23: borough | E23: queued | F23: 218 | G23: Mustache Bill's Diner | H23: 45515 | I23: Mustache Bill's Diner | J23: https://mustachebills.com/ | K23: =IF(A23="","","https://en.wikipedia.org/wiki/"&SUBSTITUTE(A23," ","_")&IF(D23="township","_Township","")&",_New_Jersey") -> https://en.wikipedia.org/wiki/Barnegat_Light,_New_Jersey
A24: Barrington | B24: Camden | C24: 3400703250 | D24: borough | E24: queued | F24: 275 | G24: Old Rail Bar | H24: 2025-06-16 | I24: Old Rail Tavern | J24: https://theoldrailtavern.com/ | K24: =IF(A24="","","https://en.wikipedia.org/wiki/"&SUBSTITUTE(A24," ","_")&IF(D24="township","_Township","")&",_New_Jersey") -> https://en.wikipedia.org/wiki/Barrington,_New_Jersey
A25: Bass River | B25: Burlington | C25: 3400503370 | D25: township | E25: queued | F25: 224 | G25: Sad Boyz | H25: 45529 | I25: Sad Boyz | J25: https://sadboyzbites.com/ | K25: =IF(A25="","","https://en.wikipedia.org/wiki/"&SUBSTITUTE(A25," ","_")&IF(D25="township","_Township","")&",_New_Jersey") -> https://en.wikipedia.org/wiki/Bass_River_Township,_New_Jersey
A26: Bay Head | B26: Ocean | C26: 3402903520 | D26: borough | E26: queued | F26: 232 | G26: The Grenville Restaurant & Hotel | H26: 45554 | I26: The Grenville Hotel & Restaurant | J26: https://www.thegrenville.com/ | K26: =IF(A26="","","https://en.wikipedia.org/wiki/"&SUBSTITUTE(A26," ","_")&IF(D26="township","_Township","")&",_New_Jersey") -> https://en.wikipedia.org/wiki/Bay_Head,_New_Jersey
A27: Bayonne | B27: Hudson | C27: 3401703580 | D27: city | E27: pre-challenge | G27: Otaiko Hibachi & Sushi Lounge | H27: 44746 | I27: Otaiko Hibachi & Sushi Lounge | J27: https://otaikobayonne.com/ | K27: =IF(A27="","","https://en.wikipedia.org/wiki/"&SUBSTITUTE(A27," ","_")&IF(D27="township","_Township","")&",_New_Jersey") -> https://en.wikipedia.org/wiki/Bayonne,_New_Jersey
A28: Beach Haven | B28: Ocean | C28: 3402903940 | D28: borough | E28: queued | F28: 193 | G28: Black Whale Bar & Fish House | H28: 45416 | I28: Black Whale Bar & Fish House | J28: https://www.blackwhalebar.com/ | K28: =IF(A28="","","https://en.wikipedia.org/wiki/"&SUBSTITUTE(A28," ","_")&IF(D28="township","_Township","")&",_New_Jersey") -> https://en.wikipedia.org/wiki/Beach_Haven,_New_Jersey
A29: Beachwood | B29: Ocean | C29: 3402904180 | D29: borough | E29: visited | F29: 124 | G29: Sand Castle Diner | H29: 45214 | I29: Sand Castle Diner | J29: https://sandcastledinernj.com/ | K29: =IF(A29="","","https://en.wikipedia.org/wiki/"&SUBSTITUTE(A29," ","_")&IF(D29="township","_Township","")&",_New_Jersey") -> https://en.wikipedia.org/wiki/Beachwood,_New_Jersey | L29: NJ Town #124: Beachwood | M29: https://www.instagram.com/p/DRXTcRNEbbt/ | N29: NJ Town #124: Bonus Town Trivia | O29: https://www.instagram.com/p/DRpKS1OES5O/?img_index=1 | AF29: NJ Town #124: Beachwood | AG29: https://www.facebook.com/reel/1543556009974817 | AH29: NJ Town #124: Bonus Town Trivia | AI29: https://www.facebook.com/permalink.php?story_fbid=pfbid04dYD4JWGLk55bhtpT3ZBfwCubZPaQ6vyAMKrpzzZ6tjHvnetXEDh4RXSxpeLbb1bl&id=61569640546791 | AL29: Town #124 | AM29: https://www.instagram.com/p/DRXTcRNEbbt/ | AP29: Town #124 - Bonus Town Trivia | AQ29: https://www.instagram.com/p/DRpKS1OES5O/?img_index=1
A30: Bedminster | B30: Somerset | C30: 3403504450 | D30: township | E30: unvisited | K30: =IF(A30="","","https://en.wikipedia.org/wiki/"&SUBSTITUTE(A30," ","_")&IF(D30="township","_Township","")&",_New_Jersey") -> https://en.wikipedia.org/wiki/Bedminster_Township,_New_Jersey
A31: Belleville | B31: Essex | C31: 3401304695 | D31: township | E31: unvisited | K31: =IF(A31="","","https://en.wikipedia.org/wiki/"&SUBSTITUTE(A31," ","_")&IF(D31="township","_Township","")&",_New_Jersey") -> https://en.wikipedia.org/wiki/Belleville_Township,_New_Jersey
A32: Bellmawr | B32: Camden | C32: 3400704750 | D32: borough | E32: queued | F32: 137 | G32: Sakura Sushi & Hibachi | H32: 2023-11-05 | I32: Sakura Sushi & Hibachi | J32: https://bellmawrsakura.com/ | K32: =IF(A32="","","https://en.wikipedia.org/wiki/"&SUBSTITUTE(A32," ","_")&IF(D32="township","_Township","")&",_New_Jersey") -> https://en.wikipedia.org/wiki/Bellmawr,_New_Jersey
A33: Belmar | B33: Monmouth | C33: 3402504930 | D33: borough | E33: pre-challenge | G33: Flames Brazillian Steakhouse | H33: 44940 | I33: Flames Brazilian Steakhouse | J33: http://flamesbraziliansteakhouse.com/ | K33: =IF(A33="","","https://en.wikipedia.org/wiki/"&SUBSTITUTE(A33," ","_")&IF(D33="township","_Township","")&",_New_Jersey") -> https://en.wikipedia.org/wiki/Belmar,_New_Jersey
A34: Belvidere | B34: Warren | C34: 3404104990 | D34: town | E34: queued | F34: 236 | G34: Uncle Buck's Diner | H34: 45571 | I34: Uncle Buck's Diner | K34: =IF(A34="","","https://en.wikipedia.org/wiki/"&SUBSTITUTE(A34," ","_")&IF(D34="township","_Township","")&",_New_Jersey") -> https://en.wikipedia.org/wiki/Belvidere,_New_Jersey
A35: Bergenfield | B35: Bergen | C35: 3400305170 | D35: borough | E35: unvisited | K35: =IF(A35="","","https://en.wikipedia.org/wiki/"&SUBSTITUTE(A35," ","_")&IF(D35="township","_Township","")&",_New_Jersey") -> https://en.wikipedia.org/wiki/Bergenfield,_New_Jersey
A36: Berkeley | B36: Ocean | C36: 3402905305 | D36: township | E36: queued | F36: 219 | G36: B2Bistro Waters Edge | H36: 45520 | I36: B2 Bistro + Bar | J36: https://www.b2bistro.com/ | K36: =IF(A36="","","https://en.wikipedia.org/wiki/"&SUBSTITUTE(A36," ","_")&IF(D36="township","_Township","")&",_New_Jersey") -> https://en.wikipedia.org/wiki/Berkeley_Township,_New_Jersey
A37: Berkeley Heights | B37: Union | C37: 3403905320 | D37: township | E37: unvisited | K37: =IF(A37="","","https://en.wikipedia.org/wiki/"&SUBSTITUTE(A37," ","_")&IF(D37="township","_Township","")&",_New_Jersey") -> https://en.wikipedia.org/wiki/Berkeley_Heights_Township,_New_Jersey
A38: Berlin | B38: Camden | C38: 3400705440 | D38: borough | E38: unvisited | K38: =IF(A38="","","https://en.wikipedia.org/wiki/"&SUBSTITUTE(A38," ","_")&IF(D38="township","_Township","")&",_New_Jersey") -> https://en.wikipedia.org/wiki/Berlin,_New_Jersey
A39: Berlin | B39: Camden | C39: 3400705470 | D39: township | E39: unvisited | K39: =IF(A39="","","https://en.wikipedia.org/wiki/"&SUBSTITUTE(A39," ","_")&IF(D39="township","_Township","")&",_New_Jersey") -> https://en.wikipedia.org/wiki/Berlin_Township,_New_Jersey
A40: Bernards | B40: Somerset | C40: 3403505560 | D40: township | E40: pre-challenge | G40: Olde Mill Inn | H40: 42861 | I40: Olde Mill Inn | J40: https://www.oldemillinn.com/ | K40: =IF(A40="","","https://en.wikipedia.org/wiki/"&SUBSTITUTE(A40," ","_")&IF(D40="township","_Township","")&",_New_Jersey") -> https://en.wikipedia.org/wiki/Bernards_Township,_New_Jersey
A41: Bernardsville | B41: Somerset | C41: 3403505590 | D41: borough | E41: queued | F41: 282 | G41: Ristorante MV | H41: 45948 | I41: Ristorante MV | J41: https://www.ristorantemv.com/ | K41: =IF(A41="","","https://en.wikipedia.org/wiki/"&SUBSTITUTE(A41," ","_")&IF(D41="township","_Township","")&",_New_Jersey") -> https://en.wikipedia.org/wiki/Bernardsville,_New_Jersey | L41: NJ Town #282: Bernardsville | M41: https://www.instagram.com/p/DQDBhbzkdDf/ | AL41: Town #283 - We're HALF WAY THERE! | AM41: https://www.instagram.com/p/DQDBhbzkdDf/
A42: Bethlehem | B42: Hunterdon | C42: 3401905650 | D42: township | E42: unvisited | K42: =IF(A42="","","https://en.wikipedia.org/wiki/"&SUBSTITUTE(A42," ","_")&IF(D42="township","_Township","")&",_New_Jersey") -> https://en.wikipedia.org/wiki/Bethlehem_Township,_New_Jersey
A43: Beverly | B43: Burlington | C43: 3400505740 | D43: city | E43: queued | F43: 248 | G43: Taco Birria | H43: 45613 | I43: Taco Birria | K43: =IF(A43="","","https://en.wikipedia.org/wiki/"&SUBSTITUTE(A43," ","_")&IF(D43="township","_Township","")&",_New_Jersey") -> https://en.wikipedia.org/wiki/Beverly,_New_Jersey
A44: Blairstown | B44: Warren | C44: 3404106160 | D44: township | E44: visited | F44: 123 | G44: Buck Hill Brewery & Restaurant | H44: 45212 | I44: Buck Hill Brewery & Restaurant | J44: https://buckhillbrewery.com/ | K44: =IF(A44="","","https://en.wikipedia.org/wiki/"&SUBSTITUTE(A44," ","_")&IF(D44="township","_Township","")&",_New_Jersey") -> https://en.wikipedia.org/wiki/Blairstown_Township,_New_Jersey | L44: NJ Town #123: Blairstown | M44: https://www.instagram.com/p/DQo0IldESTD/ | N44: NJ Town #123: Bonus Town Trivia | O44: https://www.instagram.com/p/DQ5er_aETGV/ | AL44: Town #123 | AM44: https://www.instagram.com/p/DQo0IldESTD/ | AP44: Town #123 - Bonus Town Trivia | AQ44: https://www.instagram.com/p/DQ5er_aETGV/?img_index=1
A45: Bloomfield | B45: Essex | C45: 3401306260 | D45: township | E45: unvisited | K45: =IF(A45="","","https://en.wikipedia.org/wiki/"&SUBSTITUTE(A45," ","_")&IF(D45="township","_Township","")&",_New_Jersey") -> https://en.wikipedia.org/wiki/Bloomfield_Township,_New_Jersey
A46: Bloomingdale | B46: Passaic | C46: 3403106340 | D46: borough | E46: unvisited | K46: =IF(A46="","","https://en.wikipedia.org/wiki/"&SUBSTITUTE(A46," ","_")&IF(D46="township","_Township","")&",_New_Jersey") -> https://en.wikipedia.org/wiki/Bloomingdale,_New_Jersey
A47: Bloomsbury | B47: Hunterdon | C47: 3401906370 | D47: borough | E47: unvisited | K47: =IF(A47="","","https://en.wikipedia.org/wiki/"&SUBSTITUTE(A47," ","_")&IF(D47="township","_Township","")&",_New_Jersey") -> https://en.wikipedia.org/wiki/Bloomsbury,_New_Jersey
A48: Bogota | B48: Bergen | C48: 3400306490 | D48: borough | E48: unvisited | K48: =IF(A48="","","https://en.wikipedia.org/wiki/"&SUBSTITUTE(A48," ","_")&IF(D48="township","_Township","")&",_New_Jersey") -> https://en.wikipedia.org/wiki/Bogota,_New_Jersey
A49: Boonton | B49: Morris | C49: 3402706610 | D49: town | E49: unvisited | K49: =IF(A49="","","https://en.wikipedia.org/wiki/"&SUBSTITUTE(A49," ","_")&IF(D49="township","_Township","")&",_New_Jersey") -> https://en.wikipedia.org/wiki/Boonton,_New_Jersey
A50: Boonton | B50: Morris | C50: 3402706640 | D50: township | E50: unvisited | K50: =IF(A50="","","https://en.wikipedia.org/wiki/"&SUBSTITUTE(A50," ","_")&IF(D50="township","_Township","")&",_New_Jersey") -> https://en.wikipedia.org/wiki/Boonton_Township,_New_Jersey
A51: Bordentown | B51: Burlington | C51: 3400506670 | D51: city | E51: visited | F51: 130 | G51: Marcello's | H51: 45221 | I51: Marcello's | J51: https://marcellosbordentown.com/ | K51: =IF(A51="","","https://en.wikipedia.org/wiki/"&SUBSTITUTE(A51," ","_")&IF(D51="township","_Township","")&",_New_Jersey") -> https://en.wikipedia.org/wiki/Bordentown,_New_Jersey | L51: NJ Town #130: Bordentown City | M51: https://www.instagram.com/p/DZFgLddRvHt/ | AF51: NJ Town #130: Bordentown City | AG51: https://www.facebook.com/share/r/1BYX7yi85z/
A52: Bordentown | B52: Burlington | C52: 3400506700 | D52: township | E52: unvisited | K52: =IF(A52="","","https://en.wikipedia.org/wiki/"&SUBSTITUTE(A52," ","_")&IF(D52="township","_Township","")&",_New_Jersey") -> https://en.wikipedia.org/wiki/Bordentown_Township,_New_Jersey
A53: Bound Brook | B53: Somerset | C53: 3403506790 | D53: borough | E53: unvisited | K53: =IF(A53="","","https://en.wikipedia.org/wiki/"&SUBSTITUTE(A53," ","_")&IF(D53="township","_Township","")&",_New_Jersey") -> https://en.wikipedia.org/wiki/Bound_Brook,_New_Jersey
A54: Bradley Beach | B54: Monmouth | C54: 3402506970 | D54: borough | E54: queued | F54: 257 | G54: Hatch 44 | H54: 45655 | I54: Hatch 44 | J54: https://www.hatch44cafe.com/ | K54: =IF(A54="","","https://en.wikipedia.org/wiki/"&SUBSTITUTE(A54," ","_")&IF(D54="township","_Township","")&",_New_Jersey") -> https://en.wikipedia.org/wiki/Bradley_Beach,_New_Jersey
A55: Branchburg | B55: Somerset | C55: 3403507180 | D55: township | E55: unvisited | K55: =IF(A55="","","https://en.wikipedia.org/wiki/"&SUBSTITUTE(A55," ","_")&IF(D55="township","_Township","")&",_New_Jersey") -> https://en.wikipedia.org/wiki/Branchburg_Township,_New_Jersey
A56: Branchville | B56: Sussex | C56: 3403707300 | D56: borough | E56: queued | F56: 194 | G56: The Barnyard | H56: 45435 | I56: The Barnyard | J56: https://www.thebarnyardnj.com/ | K56: =IF(A56="","","https://en.wikipedia.org/wiki/"&SUBSTITUTE(A56," ","_")&IF(D56="township","_Township","")&",_New_Jersey") -> https://en.wikipedia.org/wiki/Branchville,_New_Jersey
A57: Brick | B57: Ocean | C57: 3402907420 | D57: township | E57: visited | F57: 100 | G57: Chuck & Maureen's Pig Roast | H57: 45150 | K57: =IF(A57="","","https://en.wikipedia.org/wiki/"&SUBSTITUTE(A57," ","_")&IF(D57="township","_Township","")&",_New_Jersey") -> https://en.wikipedia.org/wiki/Brick_Township,_New_Jersey | L57: NJ Town #100: Brick | M57: https://www.instagram.com/p/DFEijoOx9Ny/?img_index=1 | AF57: NJ Town #100: Brick | AG57: https://www.facebook.com/permalink.php?story_fbid=pfbid02w9s314etvQoYKDPekMmXYEFFUUNFUEB9HK2EudLNyNEJeJiHSBwgioLuX7tb5u9Bl&id=61569640546791 | AL57: Town #100 | AM57: https://www.instagram.com/p/DFEijoOx9Ny/?img_index=1
A58: Bridgeton | B58: Cumberland | C58: 3401107600 | D58: city | E58: queued | F58: 201 | G58: Bridgeton Family Diner & Restaurant | H58: 111208 | I58: Google Maps | J58: https://maps.app.goo.gl/YKSxWGRvsQLd4Mi67 | K58: =IF(A58="","","https://en.wikipedia.org/wiki/"&SUBSTITUTE(A58," ","_")&IF(D58="township","_Township","")&",_New_Jersey") -> https://en.wikipedia.org/wiki/Bridgeton,_New_Jersey
A59: Bridgewater | B59: Somerset | C59: 3403507720 | D59: township | E59: pre-challenge | G59: Bridgewater Diner | H59: 43611 | I59: Bridgewater Diner | J59: https://www.bridgewaterdiner.com/ | K59: =IF(A59="","","https://en.wikipedia.org/wiki/"&SUBSTITUTE(A59," ","_")&IF(D59="township","_Township","")&",_New_Jersey") -> https://en.wikipedia.org/wiki/Bridgewater_Township,_New_Jersey
A60: Brielle | B60: Monmouth | C60: 3402507750 | D60: borough | E60: visited | F60: 110 | G60: Waypoint 622 | H60: 45171 | I60: Waypoint 622 | J60: https://www.waypoint622.com/ | K60: =IF(A60="","","https://en.wikipedia.org/wiki/"&SUBSTITUTE(A60," ","_")&IF(D60="township","_Township","")&",_New_Jersey") -> https://en.wikipedia.org/wiki/Brielle,_New_Jersey | L60: NJ Town #110: Brielle | M60: https://www.instagram.com/p/DHjkZkOR_7P/ | AL60: Town #110 | AM60: https://www.instagram.com/p/DHjkZkOR_7P/
A61: Brigantine | B61: Atlantic | C61: 3400107810 | D61: city | E61: pre-challenge | G61: Yianni's Café | H61: 43678 | I61: Yianni's Café | J61: https://yianniscafeoc.com/ | K61: =IF(A61="","","https://en.wikipedia.org/wiki/"&SUBSTITUTE(A61," ","_")&IF(D61="township","_Township","")&",_New_Jersey") -> https://en.wikipedia.org/wiki/Brigantine,_New_Jersey
A62: Brooklawn | B62: Camden | C62: 3400708170 | D62: borough | E62: queued | F62: 274 | G62: Gaetano's of Brooklawn | H62: 2025-06-16 | I62: Gaetano's of Brooklawn | J62: https://gaetanosbrooklawn.com/ | K62: =IF(A62="","","https://en.wikipedia.org/wiki/"&SUBSTITUTE(A62," ","_")&IF(D62="township","_Township","")&",_New_Jersey") -> https://en.wikipedia.org/wiki/Brooklawn,_New_Jersey
A63: Buena | B63: Atlantic | C63: 3400108680 | D63: borough | E63: unvisited | K63: =IF(A63="","","https://en.wikipedia.org/wiki/"&SUBSTITUTE(A63," ","_")&IF(D63="township","_Township","")&",_New_Jersey") -> https://en.wikipedia.org/wiki/Buena,_New_Jersey
A64: Buena Vista | B64: Atlantic | C64: 3400108710 | D64: township | E64: unvisited | K64: =IF(A64="","","https://en.wikipedia.org/wiki/"&SUBSTITUTE(A64," ","_")&IF(D64="township","_Township","")&",_New_Jersey") -> https://en.wikipedia.org/wiki/Buena_Vista_Township,_New_Jersey
A65: Burlington | B65: Burlington | C65: 3400508920 | D65: city | E65: queued | F65: 247 | G65: The Union House | H65: 45613 | I65: The Union House | J65: https://www.unionhouseburlington.com/ | K65: =IF(A65="","","https://en.wikipedia.org/wiki/"&SUBSTITUTE(A65," ","_")&IF(D65="township","_Township","")&",_New_Jersey") -> https://en.wikipedia.org/wiki/Burlington,_New_Jersey
A66: Burlington | B66: Burlington | C66: 3400508950 | D66: township | E66: unvisited | K66: =IF(A66="","","https://en.wikipedia.org/wiki/"&SUBSTITUTE(A66," ","_")&IF(D66="township","_Township","")&",_New_Jersey") -> https://en.wikipedia.org/wiki/Burlington_Township,_New_Jersey
A67: Butler | B67: Morris | C67: 3402709040 | D67: borough | E67: unvisited | K67: =IF(A67="","","https://en.wikipedia.org/wiki/"&SUBSTITUTE(A67," ","_")&IF(D67="township","_Township","")&",_New_Jersey") -> https://en.wikipedia.org/wiki/Butler,_New_Jersey
A68: Byram | B68: Sussex | C68: 3403709160 | D68: township | E68: unvisited | K68: =IF(A68="","","https://en.wikipedia.org/wiki/"&SUBSTITUTE(A68," ","_")&IF(D68="township","_Township","")&",_New_Jersey") -> https://en.wikipedia.org/wiki/Byram_Township,_New_Jersey
A69: Caldwell | B69: Essex | C69: 3401309250 | D69: borough | E69: unvisited | K69: =IF(A69="","","https://en.wikipedia.org/wiki/"&SUBSTITUTE(A69," ","_")&IF(D69="township","_Township","")&",_New_Jersey") -> https://en.wikipedia.org/wiki/Caldwell,_New_Jersey
A70: Califon | B70: Hunterdon | C70: 3401909280 | D70: borough | E70: queued | F70: 253 | G70: Oscar's Gourmet Restaurant | H70: 45641 | I70: Oscar's Gourmet Café | J70: https://oscarsgourmetcafenj.com/ | K70: =IF(A70="","","https://en.wikipedia.org/wiki/"&SUBSTITUTE(A70," ","_")&IF(D70="township","_Township","")&",_New_Jersey") -> https://en.wikipedia.org/wiki/Califon,_New_Jersey
A71: Camden | B71: Camden | C71: 3400710000 | D71: city | E71: queued | F71: 289 | G71: Donkey's Place Steaks | H71: 46213 | I71: Donkey's Place Steaks | J71: https://www.donkeysplace.com/ | K71: =IF(A71="","","https://en.wikipedia.org/wiki/"&SUBSTITUTE(A71," ","_")&IF(D71="township","_Township","")&",_New_Jersey") -> https://en.wikipedia.org/wiki/Camden,_New_Jersey
A72: Cape May | B72: Cape May | C72: 3400910270 | D72: city | E72: pre-challenge | G72: Kohr Brother's | H72: 42919 | I72: Kohr Brother's | J72: https://kohrbros.com | K72: =IF(A72="","","https://en.wikipedia.org/wiki/"&SUBSTITUTE(A72," ","_")&IF(D72="township","_Township","")&",_New_Jersey") -> https://en.wikipedia.org/wiki/Cape_May,_New_Jersey
A73: Cape May Point | B73: Cape May | C73: 3400910330 | D73: borough | E73: unvisited | K73: =IF(A73="","","https://en.wikipedia.org/wiki/"&SUBSTITUTE(A73," ","_")&IF(D73="township","_Township","")&",_New_Jersey") -> https://en.wikipedia.org/wiki/Cape_May_Point,_New_Jersey
A74: Carlstadt | B74: Bergen | C74: 3400310480 | D74: borough | E74: queued | F74: 215 | G74: Biggie's Clam Bar | H74: 2024-07-17 | I74: Biggie's Clam Bar | J74: https://biggies.com/ | K74: =IF(A74="","","https://en.wikipedia.org/wiki/"&SUBSTITUTE(A74," ","_")&IF(D74="township","_Township","")&",_New_Jersey") -> https://en.wikipedia.org/wiki/Carlstadt,_New_Jersey
A75: Carneys Point | B75: Salem | C75: 3403310610 | D75: township | E75: queued | F75: 264 | G75: Talk of the Towne | H75: 45703 | I75: Talk of the Towne | J75: https://talkofthetownenj.com/ | K75: =IF(A75="","","https://en.wikipedia.org/wiki/"&SUBSTITUTE(A75," ","_")&IF(D75="township","_Township","")&",_New_Jersey") -> https://en.wikipedia.org/wiki/Carneys_Point_Township,_New_Jersey
A76: Carteret | B76: Middlesex | C76: 3402310750 | D76: borough | E76: visited | F76: 93 | G76: Hornito's Bakery & Restaurant | H76: 45134 | K76: =IF(A76="","","https://en.wikipedia.org/wiki/"&SUBSTITUTE(A76," ","_")&IF(D76="township","_Township","")&",_New_Jersey") -> https://en.wikipedia.org/wiki/Carteret,_New_Jersey | L76: NJ Town #93: Carteret | M76: https://www.instagram.com/p/DEVQTC0RUeV/ | AL76: Town #93 | AM76: https://www.instagram.com/p/DEVQTC0RUeV/
A77: Cedar Grove | B77: Essex | C77: 3401311200 | D77: township | E77: queued | F77: 279 | G77: Gigi's Cafe | H77: 45928 | I77: Gigi's Cafe | J77: https://gigiscafe.net/ | K77: =IF(A77="","","https://en.wikipedia.org/wiki/"&SUBSTITUTE(A77," ","_")&IF(D77="township","_Township","")&",_New_Jersey") -> https://en.wikipedia.org/wiki/Cedar_Grove_Township,_New_Jersey
A78: Chatham | B78: Morris | C78: 3402712100 | D78: borough | E78: unvisited | K78: =IF(A78="","","https://en.wikipedia.org/wiki/"&SUBSTITUTE(A78," ","_")&IF(D78="township","_Township","")&",_New_Jersey") -> https://en.wikipedia.org/wiki/Chatham,_New_Jersey
A79: Chatham | B79: Morris | C79: 3402712130 | D79: township | E79: unvisited | K79: =IF(A79="","","https://en.wikipedia.org/wiki/"&SUBSTITUTE(A79," ","_")&IF(D79="township","_Township","")&",_New_Jersey") -> https://en.wikipedia.org/wiki/Chatham_Township,_New_Jersey
A80: Cherry Hill | B80: Camden | C80: 3400712280 | D80: township | E80: queued | F80: 281 | G80: Nan Xiang Soup Dumplings | H80: 2025-10-07 | I80: Nan Xiang Soup Dumplings | J80: https://nanxiangxiaolongbao.com/ | K80: =IF(A80="","","https://en.wikipedia.org/wiki/"&SUBSTITUTE(A80," ","_")&IF(D80="township","_Township","")&",_New_Jersey") -> https://en.wikipedia.org/wiki/Cherry_Hill_Township,_New_Jersey
A81: Chesilhurst | B81: Camden | C81: 3400712550 | D81: borough | E81: unvisited | K81: =IF(A81="","","https://en.wikipedia.org/wiki/"&SUBSTITUTE(A81," ","_")&IF(D81="township","_Township","")&",_New_Jersey") -> https://en.wikipedia.org/wiki/Chesilhurst,_New_Jersey
A82: Chester | B82: Morris | C82: 3402712580 | D82: borough | E82: unvisited | K82: =IF(A82="","","https://en.wikipedia.org/wiki/"&SUBSTITUTE(A82," ","_")&IF(D82="township","_Township","")&",_New_Jersey") -> https://en.wikipedia.org/wiki/Chester,_New_Jersey
A83: Chester | B83: Morris | C83: 3402712610 | D83: township | E83: unvisited | K83: =IF(A83="","","https://en.wikipedia.org/wiki/"&SUBSTITUTE(A83," ","_")&IF(D83="township","_Township","")&",_New_Jersey") -> https://en.wikipedia.org/wiki/Chester_Township,_New_Jersey
A84: Chesterfield | B84: Burlington | C84: 3400512670 | D84: township | E84: unvisited | K84: =IF(A84="","","https://en.wikipedia.org/wiki/"&SUBSTITUTE(A84," ","_")&IF(D84="township","_Township","")&",_New_Jersey") -> https://en.wikipedia.org/wiki/Chesterfield_Township,_New_Jersey
A85: Cinnaminson | B85: Burlington | C85: 3400512940 | D85: township | E85: queued | F85: 265 | G85: Hibachi Grill & Supreme Buffet | H85: 45654 | I85: Hibachi Grill & Supreme Buffet | J85: http://www.hgsupremebuffet.com/ | K85: =IF(A85="","","https://en.wikipedia.org/wiki/"&SUBSTITUTE(A85," ","_")&IF(D85="township","_Township","")&",_New_Jersey") -> https://en.wikipedia.org/wiki/Cinnaminson_Township,_New_Jersey
A86: City of Orange | B86: Essex | C86: 3401313045 | D86: township | E86: unvisited | K86: =IF(A86="","","https://en.wikipedia.org/wiki/"&SUBSTITUTE(A86," ","_")&IF(D86="township","_Township","")&",_New_Jersey") -> https://en.wikipedia.org/wiki/City_of_Orange_Township,_New_Jersey
A87: Clark | B87: Union | C87: 3403913150 | D87: township | E87: queued | F87: 252 | G87: White Diamond | H87: 45636 | K87: =IF(A87="","","https://en.wikipedia.org/wiki/"&SUBSTITUTE(A87," ","_")&IF(D87="township","_Township","")&",_New_Jersey") -> https://en.wikipedia.org/wiki/Clark_Township,_New_Jersey
A88: Clayton | B88: Gloucester | C88: 3401513360 | D88: borough | E88: unvisited | K88: =IF(A88="","","https://en.wikipedia.org/wiki/"&SUBSTITUTE(A88," ","_")&IF(D88="township","_Township","")&",_New_Jersey") -> https://en.wikipedia.org/wiki/Clayton,_New_Jersey
A89: Clementon | B89: Camden | C89: 3400713420 | D89: borough | E89: unvisited | K89: =IF(A89="","","https://en.wikipedia.org/wiki/"&SUBSTITUTE(A89," ","_")&IF(D89="township","_Township","")&",_New_Jersey") -> https://en.wikipedia.org/wiki/Clementon,_New_Jersey
A90: Cliffside Park | B90: Bergen | C90: 3400313570 | D90: borough | E90: queued | F90: 163 | G90: Mirak - Korean/Japanese Sushi Restauarant | H90: 2023-01-02 | I90: Mirak | J90: https://mirakcliffsidepark.com/ | K90: =IF(A90="","","https://en.wikipedia.org/wiki/"&SUBSTITUTE(A90," ","_")&IF(D90="township","_Township","")&",_New_Jersey") -> https://en.wikipedia.org/wiki/Cliffside_Park,_New_Jersey
A91: Clifton | B91: Passaic | C91: 3403113690 | D91: city | E91: pre-challenge | G91: Tick Tock Diner | H91: 44767 | I91: Tick Tock Diner | J91: https://www.ticktockdiner.com/ | K91: =IF(A91="","","https://en.wikipedia.org/wiki/"&SUBSTITUTE(A91," ","_")&IF(D91="township","_Township","")&",_New_Jersey") -> https://en.wikipedia.org/wiki/Clifton,_New_Jersey
A92: Clinton | B92: Hunterdon | C92: 3401913720 | D92: town | E92: visited | F92: 122 | G92: The River Mill View | H92: 45207 | I92: The Clean Plate Kitchen | J92: https://www.thecleanplatekitchen.com/ | K92: =IF(A92="","","https://en.wikipedia.org/wiki/"&SUBSTITUTE(A92," ","_")&IF(D92="township","_Township","")&",_New_Jersey") -> https://en.wikipedia.org/wiki/Clinton,_New_Jersey | L92: NJ Town #122: Clinton (Town) | M92: https://www.instagram.com/p/DOywgWSkaht/ | N92: NJ Town #122: Bonus Town Trivia | O92: https://www.instagram.com/p/DO9FQC-kQeO/?img_index=1 | AF92: NJ Town #122: Clinton (Town) | AG92: https://www.facebook.com/reel/691219140006002 | AH92: NJ Town #122: Bonus Town Trivia | AI92: https://www.facebook.com/permalink.php?story_fbid=pfbid02TF9j57yNdHYdErGN9H3fhgfRHMjakbPZNhmG3aaLkE18iFcvNSkLfDKCBWjNxQ3xl&id=61569640546791 | AL92: Town #122 | AM92: https://www.instagram.com/p/DOywgWSkaht/ | AP92: Town #122 - Bonus Town Trivia | AQ92: https://www.instagram.com/p/DO9FQC-kQeO/?img_index=1
A93: Clinton | B93: Hunterdon | C93: 3401913750 | D93: township | E93: unvisited | K93: =IF(A93="","","https://en.wikipedia.org/wiki/"&SUBSTITUTE(A93," ","_")&IF(D93="township","_Township","")&",_New_Jersey") -> https://en.wikipedia.org/wiki/Clinton_Township,_New_Jersey
A94: Closter | B94: Bergen | C94: 3400313810 | D94: borough | E94: unvisited | K94: =IF(A94="","","https://en.wikipedia.org/wiki/"&SUBSTITUTE(A94," ","_")&IF(D94="township","_Township","")&",_New_Jersey") -> https://en.wikipedia.org/wiki/Closter,_New_Jersey
A95: Collingswood | B95: Camden | C95: 3400714260 | D95: borough | E95: queued | F95: 255 | G95: Sabrina's Cafe | H95: 2024-12-28 | I95: Sabrina's Café | J95: https://www.sabrinascafe.com/ | K95: =IF(A95="","","https://en.wikipedia.org/wiki/"&SUBSTITUTE(A95," ","_")&IF(D95="township","_Township","")&",_New_Jersey") -> https://en.wikipedia.org/wiki/Collingswood,_New_Jersey
A96: Colts Neck | B96: Monmouth | C96: 3402514560 | D96: township | E96: visited | F96: 90 | G96: Colts Neck Eatery | H96: 45122 | I96: Colts Neck Eatery | J96: https://www.coltsneckeaterynj.com/ | K96: =IF(A96="","","https://en.wikipedia.org/wiki/"&SUBSTITUTE(A96," ","_")&IF(D96="township","_Township","")&",_New_Jersey") -> https://en.wikipedia.org/wiki/Colts_Neck_Township,_New_Jersey | L96: NJ Town #90: Colts Neck | M96: https://www.instagram.com/p/DDbCxLgRuSh/ | AL96: Town #90 | AM96: https://www.instagram.com/p/DDbCxLgRuSh/?img_index=1
A97: Commercial | B97: Cumberland | C97: 3401114710 | D97: township | E97: queued | F97: 171 | G97: Dino's Pizzaria | H97: 45318 | K97: =IF(A97="","","https://en.wikipedia.org/wiki/"&SUBSTITUTE(A97," ","_")&IF(D97="township","_Township","")&",_New_Jersey") -> https://en.wikipedia.org/wiki/Commercial_Township,_New_Jersey
A98: Corbin City | B98: Atlantic | C98: 3400115160 | D98: city | E98: unvisited | K98: =IF(A98="","","https://en.wikipedia.org/wiki/"&SUBSTITUTE(A98," ","_")&IF(D98="township","_Township","")&",_New_Jersey") -> https://en.wikipedia.org/wiki/Corbin_City,_New_Jersey
A99: Cranbury | B99: Middlesex | C99: 3402315550 | D99: township | E99: visited | F99: 102 | G99: Zinna's Bistro | H99: 45151 | I99: Zinna's Bistro | J99: https://zinnasbistro.com/ | K99: =IF(A99="","","https://en.wikipedia.org/wiki/"&SUBSTITUTE(A99," ","_")&IF(D99="township","_Township","")&",_New_Jersey") -> https://en.wikipedia.org/wiki/Cranbury_Township,_New_Jersey | L99: NJ Town #102: Cranbury | M99: https://www.instagram.com/p/DFN3QFwxTTD/ | AL99: Town #102 | AM99: https://www.instagram.com/p/DFN3QFwxTTD/
A100: Cranford | B100: Union | C100: 3403915640 | D100: township | E100: pre-challenge | G100: Friend's House | H100: 44205 | K100: =IF(A100="","","https://en.wikipedia.org/wiki/"&SUBSTITUTE(A100," ","_")&IF(D100="township","_Township","")&",_New_Jersey") -> https://en.wikipedia.org/wiki/Cranford_Township,_New_Jersey
...

Sheet Summary
A1: EAT JERSEY CHALLENGE — Statewide Progress
A2: Total Towns | B2: Visited | C2: To Go | D2: % Complete
A3: =COUNTA(Data!A3:A602) -> 564 | B3: =COUNTIF(Data!E3:E602,"visited")+COUNTIF(Data!E3:E602,"queued")+COUNTIF(Data!E3:E602,"pre-challenge") -> 291 | C3: =A3-B3 -> 273 | D3: =IF(A3>0,TEXT(B3/A3,"0.0%"),"0.0%") -> 51.6%
A5: County | B5: Total Towns | C5: Visited | D5: To Go | E5: % Complete
A6: Atlantic | B6: =COUNTIF(Data!B3:B602,"Atlantic") -> 23 | C6: =COUNTIFS(Data!B3:B602,"Atlantic",Data!E3:E602,"visited")+COUNTIFS(Data!B3:B602,"Atlantic",Data!E3:E602,"queued")+COUNTIFS(Data!B3:B602,"Atlantic",Data!E3:E602,"pre-challenge") -> 8 | D6: =B6-C6 -> 15 | E6: =IF(B6>0,TEXT(C6/B6,"0.0%"),"0.0%") -> 34.8%
A7: Bergen | B7: =COUNTIF(Data!B3:B602,"Bergen") -> 70 | C7: =COUNTIFS(Data!B3:B602,"Bergen",Data!E3:E602,"visited")+COUNTIFS(Data!B3:B602,"Bergen",Data!E3:E602,"queued")+COUNTIFS(Data!B3:B602,"Bergen",Data!E3:E602,"pre-challenge") -> 19 | D7: =B7-C7 -> 51 | E7: =IF(B7>0,TEXT(C7/B7,"0.0%"),"0.0%") -> 27.1%
A8: Burlington | B8: =COUNTIF(Data!B3:B602,"Burlington") -> 40 | C8: =COUNTIFS(Data!B3:B602,"Burlington",Data!E3:E602,"visited")+COUNTIFS(Data!B3:B602,"Burlington",Data!E3:E602,"queued")+COUNTIFS(Data!B3:B602,"Burlington",Data!E3:E602,"pre-challenge") -> 20 | D8: =B8-C8 -> 20 | E8: =IF(B8>0,TEXT(C8/B8,"0.0%"),"0.0%") -> 50.0%
A9: Camden | B9: =COUNTIF(Data!B3:B602,"Camden") -> 36 | C9: =COUNTIFS(Data!B3:B602,"Camden",Data!E3:E602,"visited")+COUNTIFS(Data!B3:B602,"Camden",Data!E3:E602,"queued")+COUNTIFS(Data!B3:B602,"Camden",Data!E3:E602,"pre-challenge") -> 11 | D9: =B9-C9 -> 25 | E9: =IF(B9>0,TEXT(C9/B9,"0.0%"),"0.0%") -> 30.6%
A10: Cape May | B10: =COUNTIF(Data!B3:B602,"Cape May") -> 16 | C10: =COUNTIFS(Data!B3:B602,"Cape May",Data!E3:E602,"visited")+COUNTIFS(Data!B3:B602,"Cape May",Data!E3:E602,"queued")+COUNTIFS(Data!B3:B602,"Cape May",Data!E3:E602,"pre-challenge") -> 6 | D10: =B10-C10 -> 10 | E10: =IF(B10>0,TEXT(C10/B10,"0.0%"),"0.0%") -> 37.5%
A11: Cumberland | B11: =COUNTIF(Data!B3:B602,"Cumberland") -> 14 | C11: =COUNTIFS(Data!B3:B602,"Cumberland",Data!E3:E602,"visited")+COUNTIFS(Data!B3:B602,"Cumberland",Data!E3:E602,"queued")+COUNTIFS(Data!B3:B602,"Cumberland",Data!E3:E602,"pre-challenge") -> 14 | D11: =B11-C11 -> 0 | E11: =IF(B11>0,TEXT(C11/B11,"0.0%"),"0.0%") -> 100.0%
A12: Essex | B12: =COUNTIF(Data!B3:B602,"Essex") -> 22 | C12: =COUNTIFS(Data!B3:B602,"Essex",Data!E3:E602,"visited")+COUNTIFS(Data!B3:B602,"Essex",Data!E3:E602,"queued")+COUNTIFS(Data!B3:B602,"Essex",Data!E3:E602,"pre-challenge") -> 9 | D12: =B12-C12 -> 13 | E12: =IF(B12>0,TEXT(C12/B12,"0.0%"),"0.0%") -> 40.9%
A13: Gloucester | B13: =COUNTIF(Data!B3:B602,"Gloucester") -> 24 | C13: =COUNTIFS(Data!B3:B602,"Gloucester",Data!E3:E602,"visited")+COUNTIFS(Data!B3:B602,"Gloucester",Data!E3:E602,"queued")+COUNTIFS(Data!B3:B602,"Gloucester",Data!E3:E602,"pre-challenge") -> 10 | D13: =B13-C13 -> 14 | E13: =IF(B13>0,TEXT(C13/B13,"0.0%"),"0.0%") -> 41.7%
A14: Hudson | B14: =COUNTIF(Data!B3:B602,"Hudson") -> 12 | C14: =COUNTIFS(Data!B3:B602,"Hudson",Data!E3:E602,"visited")+COUNTIFS(Data!B3:B602,"Hudson",Data!E3:E602,"queued")+COUNTIFS(Data!B3:B602,"Hudson",Data!E3:E602,"pre-challenge") -> 11 | D14: =B14-C14 -> 1 | E14: =IF(B14>0,TEXT(C14/B14,"0.0%"),"0.0%") -> 91.7%
A15: Hunterdon | B15: =COUNTIF(Data!B3:B602,"Hunterdon") -> 26 | C15: =COUNTIFS(Data!B3:B602,"Hunterdon",Data!E3:E602,"visited")+COUNTIFS(Data!B3:B602,"Hunterdon",Data!E3:E602,"queued")+COUNTIFS(Data!B3:B602,"Hunterdon",Data!E3:E602,"pre-challenge") -> 13 | D15: =B15-C15 -> 13 | E15: =IF(B15>0,TEXT(C15/B15,"0.0%"),"0.0%") -> 50.0%
A16: Mercer | B16: =COUNTIF(Data!B3:B602,"Mercer") -> 12 | C16: =COUNTIFS(Data!B3:B602,"Mercer",Data!E3:E602,"visited")+COUNTIFS(Data!B3:B602,"Mercer",Data!E3:E602,"queued")+COUNTIFS(Data!B3:B602,"Mercer",Data!E3:E602,"pre-challenge") -> 10 | D16: =B16-C16 -> 2 | E16: =IF(B16>0,TEXT(C16/B16,"0.0%"),"0.0%") -> 83.3%
A17: Middlesex | B17: =COUNTIF(Data!B3:B602,"Middlesex") -> 25 | C17: =COUNTIFS(Data!B3:B602,"Middlesex",Data!E3:E602,"visited")+COUNTIFS(Data!B3:B602,"Middlesex",Data!E3:E602,"queued")+COUNTIFS(Data!B3:B602,"Middlesex",Data!E3:E602,"pre-challenge") -> 25 | D17: =B17-C17 -> 0 | E17: =IF(B17>0,TEXT(C17/B17,"0.0%"),"0.0%") -> 100.0%
A18: Monmouth | B18: =COUNTIF(Data!B3:B602,"Monmouth") -> 53 | C18: =COUNTIFS(Data!B3:B602,"Monmouth",Data!E3:E602,"visited")+COUNTIFS(Data!B3:B602,"Monmouth",Data!E3:E602,"queued")+COUNTIFS(Data!B3:B602,"Monmouth",Data!E3:E602,"pre-challenge") -> 44 | D18: =B18-C18 -> 9 | E18: =IF(B18>0,TEXT(C18/B18,"0.0%"),"0.0%") -> 83.0%
A19: Morris | B19: =COUNTIF(Data!B3:B602,"Morris") -> 39 | C19: =COUNTIFS(Data!B3:B602,"Morris",Data!E3:E602,"visited")+COUNTIFS(Data!B3:B602,"Morris",Data!E3:E602,"queued")+COUNTIFS(Data!B3:B602,"Morris",Data!E3:E602,"pre-challenge") -> 7 | D19: =B19-C19 -> 32 | E19: =IF(B19>0,TEXT(C19/B19,"0.0%"),"0.0%") -> 17.9%
A20: Ocean | B20: =COUNTIF(Data!B3:B602,"Ocean") -> 33 | C20: =COUNTIFS(Data!B3:B602,"Ocean",Data!E3:E602,"visited")+COUNTIFS(Data!B3:B602,"Ocean",Data!E3:E602,"queued")+COUNTIFS(Data!B3:B602,"Ocean",Data!E3:E602,"pre-challenge") -> 24 | D20: =B20-C20 -> 9 | E20: =IF(B20>0,TEXT(C20/B20,"0.0%"),"0.0%") -> 72.7%
A21: Passaic | B21: =COUNTIF(Data!B3:B602,"Passaic") -> 16 | C21: =COUNTIFS(Data!B3:B602,"Passaic",Data!E3:E602,"visited")+COUNTIFS(Data!B3:B602,"Passaic",Data!E3:E602,"queued")+COUNTIFS(Data!B3:B602,"Passaic",Data!E3:E602,"pre-challenge") -> 4 | D21: =B21-C21 -> 12 | E21: =IF(B21>0,TEXT(C21/B21,"0.0%"),"0.0%") -> 25.0%
A22: Salem | B22: =COUNTIF(Data!B3:B602,"Salem") -> 15 | C22: =COUNTIFS(Data!B3:B602,"Salem",Data!E3:E602,"visited")+COUNTIFS(Data!B3:B602,"Salem",Data!E3:E602,"queued")+COUNTIFS(Data!B3:B602,"Salem",Data!E3:E602,"pre-challenge") -> 10 | D22: =B22-C22 -> 5 | E22: =IF(B22>0,TEXT(C22/B22,"0.0%"),"0.0%") -> 66.7%
A23: Somerset | B23: =COUNTIF(Data!B3:B602,"Somerset") -> 21 | C23: =COUNTIFS(Data!B3:B602,"Somerset",Data!E3:E602,"visited")+COUNTIFS(Data!B3:B602,"Somerset",Data!E3:E602,"queued")+COUNTIFS(Data!B3:B602,"Somerset",Data!E3:E602,"pre-challenge") -> 12 | D23: =B23-C23 -> 9 | E23: =IF(B23>0,TEXT(C23/B23,"0.0%"),"0.0%") -> 57.1%
A24: Sussex | B24: =COUNTIF(Data!B3:B602,"Sussex") -> 24 | C24: =COUNTIFS(Data!B3:B602,"Sussex",Data!E3:E602,"visited")+COUNTIFS(Data!B3:B602,"Sussex",Data!E3:E602,"queued")+COUNTIFS(Data!B3:B602,"Sussex",Data!E3:E602,"pre-challenge") -> 12 | D24: =B24-C24 -> 12 | E24: =IF(B24>0,TEXT(C24/B24,"0.0%"),"0.0%") -> 50.0%
A25: Union | B25: =COUNTIF(Data!B3:B602,"Union") -> 21 | C25: =COUNTIFS(Data!B3:B602,"Union",Data!E3:E602,"visited")+COUNTIFS(Data!B3:B602,"Union",Data!E3:E602,"queued")+COUNTIFS(Data!B3:B602,"Union",Data!E3:E602,"pre-challenge") -> 10 | D25: =B25-C25 -> 11 | E25: =IF(B25>0,TEXT(C25/B25,"0.0%"),"0.0%") -> 47.6%
A26: Warren | B26: =COUNTIF(Data!B3:B602,"Warren") -> 22 | C26: =COUNTIFS(Data!B3:B602,"Warren",Data!E3:E602,"visited")+COUNTIFS(Data!B3:B602,"Warren",Data!E3:E602,"queued")+COUNTIFS(Data!B3:B602,"Warren",Data!E3:E602,"pre-challenge") -> 12 | D26: =B26-C26 -> 10 | E26: =IF(B26>0,TEXT(C26/B26,"0.0%"),"0.0%") -> 54.5%

Sheet Atlantic
A1: Atlantic County
A2: Total Towns | B2: =COUNTIF(Data!B$3:B$602,"Atlantic") -> 23 | C2: Visited | D2: =COUNTIFS(Data!B$3:B$602,"Atlantic",Data!E3:E602,"visited")+COUNTIFS(Data!B$3:B$602,"Atlantic",Data!E3:E602,"queued")+COUNTIFS(Data!B$3:B$602,"Atlantic",Data!E3:E602,"pre-challenge") -> 8 | E2: To Go | F2: =B2-D2 -> 15
A4: MUNICIPALITY | E4: VISIT DATA | I4: RESTAURANT LINK | K4: WIKIPEDIA | L4: INSTAGRAM | P4: TIKTOK | T4: YOUTUBE | X4: THREADS | AB4: BLUESKY | AF4: FACEBOOK | AJ4: EXTRA / OVERFLOW LINKS
A5: name | B5: county | C5: geoid | D5: townType | E5: status | F5: visitNumber | G5: restaurantName | H5: dateVisited | I5: restaurant_label | J5: restaurant_url | K5: wikipedia_url | L5: instagram1_label | M5: instagram1_url | N5: instagram2_label | O5: instagram2_url | P5: tiktok1_label | Q5: tiktok1_url | R5: tiktok2_label | S5: tiktok2_url | T5: youtube1_label | U5: youtube1_url | V5: youtube2_label | W5: youtube2_url | X5: threads1_label | Y5: threads1_url | Z5: threads2_label | AA5: threads2_url | AB5: bluesky1_label | AC5: bluesky1_url | AD5: bluesky2_label | AE5: bluesky2_url | AF5: facebook1_label | AG5: facebook1_url | AH5: facebook2_label | AI5: facebook2_url | AJ5: extra1_category | AK5: extra1_platform | AL5: extra1_label | AM5: extra1_url | AN5: extra2_category | AO5: extra2_platform | AP5: extra2_label | AQ5: extra2_url | AR5: extra3_category | AS5: extra3_platform | AT5: extra3_label | AU5: extra3_url
A6: {=_xlfn._xlws.FILTER(Data!A$3:AU$602,Data!B$3:B$602="Atlantic","")} -> Absecon | B6: Atlantic | C6: 3400100100 | D6: city | E6: unvisited | F6: 0 | G6: 0 | H6: 0 | I6: 0 | J6: 0 | K6: https://en.wikipedia.org/wiki/Absecon,_New_Jersey | L6: 0 | M6: 0 | N6: 0 | O6: 0 | P6: 0 | Q6: 0 | R6: 0 | S6: 0 | T6: 0 | U6: 0 | V6: 0 | W6: 0 | X6: 0 | Y6: 0 | Z6: 0 | AA6: 0 | AB6: 0 | AC6: 0 | AD6: 0 | AE6: 0 | AF6: 0 | AG6: 0 | AH6: 0 | AI6: 0 | AJ6: 0 | AK6: 0 | AL6: 0 | AM6: 0 | AN6: 0 | AO6: 0 | AP6: 0 | AQ6: 0 | AR6: 0 | AS6: 0 | AT6: 0 | AU6: 0
A7: Atlantic City | B7: Atlantic | C7: 3400102080 | D7: city | E7: pre-challenge | F7: 0 | G7: Amada | H7: 43639 | I7: Amada | J7: https://www.theoceanac.com/restaurants/amada | K7: https://en.wikipedia.org/wiki/Atlantic_City,_New_Jersey | L7: 0 | M7: 0 | N7: 0 | O7: 0 | P7: 0 | Q7: 0 | R7: 0 | S7: 0 | T7: 0 | U7: 0 | V7: 0 | W7: 0 | X7: 0 | Y7: 0 | Z7: 0 | AA7: 0 | AB7: 0 | AC7: 0 | AD7: 0 | AE7: 0 | AF7: 0 | AG7: 0 | AH7: 0 | AI7: 0 | AJ7: 0 | AK7: 0 | AL7: 0 | AM7: 0 | AN7: 0 | AO7: 0 | AP7: 0 | AQ7: 0 | AR7: 0 | AS7: 0 | AT7: 0 | AU7: 0
A8: Brigantine | B8: Atlantic | C8: 3400107810 | D8: city | E8: pre-challenge | F8: 0 | G8: Yianni's Café | H8: 43678 | I8: Yianni's Café | J8: https://yianniscafeoc.com/ | K8: https://en.wikipedia.org/wiki/Brigantine,_New_Jersey | L8: 0 | M8: 0 | N8: 0 | O8: 0 | P8: 0 | Q8: 0 | R8: 0 | S8: 0 | T8: 0 | U8: 0 | V8: 0 | W8: 0 | X8: 0 | Y8: 0 | Z8: 0 | AA8: 0 | AB8: 0 | AC8: 0 | AD8: 0 | AE8: 0 | AF8: 0 | AG8: 0 | AH8: 0 | AI8: 0 | AJ8: 0 | AK8: 0 | AL8: 0 | AM8: 0 | AN8: 0 | AO8: 0 | AP8: 0 | AQ8: 0 | AR8: 0 | AS8: 0 | AT8: 0 | AU8: 0
A9: Buena | B9: Atlantic | C9: 3400108680 | D9: borough | E9: unvisited | F9: 0 | G9: 0 | H9: 0 | I9: 0 | J9: 0 | K9: https://en.wikipedia.org/wiki/Buena,_New_Jersey | L9: 0 | M9: 0 | N9: 0 | O9: 0 | P9: 0 | Q9: 0 | R9: 0 | S9: 0 | T9: 0 | U9: 0 | V9: 0 | W9: 0 | X9: 0 | Y9: 0 | Z9: 0 | AA9: 0 | AB9: 0 | AC9: 0 | AD9: 0 | AE9: 0 | AF9: 0 | AG9: 0 | AH9: 0 | AI9: 0 | AJ9: 0 | AK9: 0 | AL9: 0 | AM9: 0 | AN9: 0 | AO9: 0 | AP9: 0 | AQ9: 0 | AR9: 0 | AS9: 0 | AT9: 0 | AU9: 0
A10: Buena Vista | B10: Atlantic | C10: 3400108710 | D10: township | E10: unvisited | F10: 0 | G10: 0 | H10: 0 | I10: 0 | J10: 0 | K10: https://en.wikipedia.org/wiki/Buena_Vista_Township,_New_Jersey | L10: 0 | M10: 0 | N10: 0 | O10: 0 | P10: 0 | Q10: 0 | R10: 0 | S10: 0 | T10: 0 | U10: 0 | V10: 0 | W10: 0 | X10: 0 | Y10: 0 | Z10: 0 | AA10: 0 | AB10: 0 | AC10: 0 | AD10: 0 | AE10: 0 | AF10: 0 | AG10: 0 | AH10: 0 | AI10: 0 | AJ10: 0 | AK10: 0 | AL10: 0 | AM10: 0 | AN10: 0 | AO10: 0 | AP10: 0 | AQ10: 0 | AR10: 0 | AS10: 0 | AT10: 0 | AU10: 0
A11: Corbin City | B11: Atlantic | C11: 3400115160 | D11: city | E11: unvisited | F11: 0 | G11: 0 | H11: 0 | I11: 0 | J11: 0 | K11: https://en.wikipedia.org/wiki/Corbin_City,_New_Jersey | L11: 0 | M11: 0 | N11: 0 | O11: 0 | P11: 0 | Q11: 0 | R11: 0 | S11: 0 | T11: 0 | U11: 0 | V11: 0 | W11: 0 | X11: 0 | Y11: 0 | Z11: 0 | AA11: 0 | AB11: 0 | AC11: 0 | AD11: 0 | AE11: 0 | AF11: 0 | AG11: 0 | AH11: 0 | AI11: 0 | AJ11: 0 | AK11: 0 | AL11: 0 | AM11: 0 | AN11: 0 | AO11: 0 | AP11: 0 | AQ11: 0 | AR11: 0 | AS11: 0 | AT11: 0 | AU11: 0
A12: Egg Harbor | B12: Atlantic | C12: 3400120290 | D12: township | E12: queued | F12: 260 | G12: Family Kusina | H12: 45660 | I12: Familya Kusina | J12: https://www.familyakusina.com/ | K12: https://en.wikipedia.org/wiki/Egg_Harbor_Township,_New_Jersey | L12: 0 | M12: 0 | N12: 0 | O12: 0 | P12: 0 | Q12: 0 | R12: 0 | S12: 0 | T12: 0 | U12: 0 | V12: 0 | W12: 0 | X12: 0 | Y12: 0 | Z12: 0 | AA12: 0 | AB12: 0 | AC12: 0 | AD12: 0 | AE12: 0 | AF12: 0 | AG12: 0 | AH12: 0 | AI12: 0 | AJ12: 0 | AK12: 0 | AL12: 0 | AM12: 0 | AN12: 0 | AO12: 0 | AP12: 0 | AQ12: 0 | AR12: 0 | AS12: 0 | AT12: 0 | AU12: 0
A13: Egg Harbor City | B13: Atlantic | C13: 3400120350 | D13: city | E13: unvisited | F13: 0 | G13: 0 | H13: 0 | I13: 0 | J13: 0 | K13: https://en.wikipedia.org/wiki/Egg_Harbor_City,_New_Jersey | L13: 0 | M13: 0 | N13: 0 | O13: 0 | P13: 0 | Q13: 0 | R13: 0 | S13: 0 | T13: 0 | U13: 0 | V13: 0 | W13: 0 | X13: 0 | Y13: 0 | Z13: 0 | AA13: 0 | AB13: 0 | AC13: 0 | AD13: 0 | AE13: 0 | AF13: 0 | AG13: 0 | AH13: 0 | AI13: 0 | AJ13: 0 | AK13: 0 | AL13: 0 | AM13: 0 | AN13: 0 | AO13: 0 | AP13: 0 | AQ13: 0 | AR13: 0 | AS13: 0 | AT13: 0 | AU13: 0
A14: Estell Manor | B14: Atlantic | C14: 3400121870 | D14: city | E14: unvisited | F14: 0 | G14: 0 | H14: 0 | I14: 0 | J14: 0 | K14: https://en.wikipedia.org/wiki/Estell_Manor,_New_Jersey | L14: 0 | M14: 0 | N14: 0 | O14: 0 | P14: 0 | Q14: 0 | R14: 0 | S14: 0 | T14: 0 | U14: 0 | V14: 0 | W14: 0 | X14: 0 | Y14: 0 | Z14: 0 | AA14: 0 | AB14: 0 | AC14: 0 | AD14: 0 | AE14: 0 | AF14: 0 | AG14: 0 | AH14: 0 | AI14: 0 | AJ14: 0 | AK14: 0 | AL14: 0 | AM14: 0 | AN14: 0 | AO14: 0 | AP14: 0 | AQ14: 0 | AR14: 0 | AS14: 0 | AT14: 0 | AU14: 0
A15: Folsom | B15: Atlantic | C15: 3400123940 | D15: borough | E15: unvisited | F15: 0 | G15: 0 | H15: 0 | I15: 0 | J15: 0 | K15: https://en.wikipedia.org/wiki/Folsom,_New_Jersey | L15: 0 | M15: 0 | N15: 0 | O15: 0 | P15: 0 | Q15: 0 | R15: 0 | S15: 0 | T15: 0 | U15: 0 | V15: 0 | W15: 0 | X15: 0 | Y15: 0 | Z15: 0 | AA15: 0 | AB15: 0 | AC15: 0 | AD15: 0 | AE15: 0 | AF15: 0 | AG15: 0 | AH15: 0 | AI15: 0 | AJ15: 0 | AK15: 0 | AL15: 0 | AM15: 0 | AN15: 0 | AO15: 0 | AP15: 0 | AQ15: 0 | AR15: 0 | AS15: 0 | AT15: 0 | AU15: 0
A16: Galloway | B16: Atlantic | C16: 3400125560 | D16: township | E16: pre-challenge | F16: 0 | G16: Seaview Hotel | H16: 43639 | I16: Seaview Hotel | J16: https://www.seaviewdolcehotel.com/ | K16: https://en.wikipedia.org/wiki/Galloway_Township,_New_Jersey | L16: 0 | M16: 0 | N16: 0 | O16: 0 | P16: 0 | Q16: 0 | R16: 0 | S16: 0 | T16: 0 | U16: 0 | V16: 0 | W16: 0 | X16: 0 | Y16: 0 | Z16: 0 | AA16: 0 | AB16: 0 | AC16: 0 | AD16: 0 | AE16: 0 | AF16: 0 | AG16: 0 | AH16: 0 | AI16: 0 | AJ16: 0 | AK16: 0 | AL16: 0 | AM16: 0 | AN16: 0 | AO16: 0 | AP16: 0 | AQ16: 0 | AR16: 0 | AS16: 0 | AT16: 0 | AU16: 0
A17: Hamilton | B17: Atlantic | C17: 3400129280 | D17: township | E17: unvisited | F17: 0 | G17: 0 | H17: 0 | I17: 0 | J17: 0 | K17: https://en.wikipedia.org/wiki/Hamilton_Township,_Atlantic_County,_New_Jersey | L17: 0 | M17: 0 | N17: 0 | O17: 0 | P17: 0 | Q17: 0 | R17: 0 | S17: 0 | T17: 0 | U17: 0 | V17: 0 | W17: 0 | X17: 0 | Y17: 0 | Z17: 0 | AA17: 0 | AB17: 0 | AC17: 0 | AD17: 0 | AE17: 0 | AF17: 0 | AG17: 0 | AH17: 0 | AI17: 0 | AJ17: 0 | AK17: 0 | AL17: 0 | AM17: 0 | AN17: 0 | AO17: 0 | AP17: 0 | AQ17: 0 | AR17: 0 | AS17: 0 | AT17: 0 | AU17: 0
A18: Hammonton | B18: Atlantic | C18: 3400129430 | D18: town | E18: unvisited | F18: 0 | G18: 0 | H18: 0 | I18: 0 | J18: 0 | K18: https://en.wikipedia.org/wiki/Hammonton,_New_Jersey | L18: 0 | M18: 0 | N18: 0 | O18: 0 | P18: 0 | Q18: 0 | R18: 0 | S18: 0 | T18: 0 | U18: 0 | V18: 0 | W18: 0 | X18: 0 | Y18: 0 | Z18: 0 | AA18: 0 | AB18: 0 | AC18: 0 | AD18: 0 | AE18: 0 | AF18: 0 | AG18: 0 | AH18: 0 | AI18: 0 | AJ18: 0 | AK18: 0 | AL18: 0 | AM18: 0 | AN18: 0 | AO18: 0 | AP18: 0 | AQ18: 0 | AR18: 0 | AS18: 0 | AT18: 0 | AU18: 0
A19: Linwood | B19: Atlantic | C19: 3400140530 | D19: city | E19: queued | F19: 259 | G19: Barista's Coffee House | H19: 45660 | I19: Barista's Coffee House | J19: https://www.baristascoffeehouse.com/ | K19: https://en.wikipedia.org/wiki/Linwood,_New_Jersey | L19: 0 | M19: 0 | N19: 0 | O19: 0 | P19: 0 | Q19: 0 | R19: 0 | S19: 0 | T19: 0 | U19: 0 | V19: 0 | W19: 0 | X19: 0 | Y19: 0 | Z19: 0 | AA19: 0 | AB19: 0 | AC19: 0 | AD19: 0 | AE19: 0 | AF19: 0 | AG19: 0 | AH19: 0 | AI19: 0 | AJ19: 0 | AK19: 0 | AL19: 0 | AM19: 0 | AN19: 0 | AO19: 0 | AP19: 0 | AQ19: 0 | AR19: 0 | AS19: 0 | AT19: 0 | AU19: 0
A20: Longport | B20: Atlantic | C20: 3400141370 | D20: borough | E20: queued | F20: 249 | G20: Ozzie's Luncheonette | H20: 45619 | I20: Ozzie's Luncheonette | J20: https://ozzieslongport.com/ | K20: https://en.wikipedia.org/wiki/Longport,_New_Jersey | L20: 0 | M20: 0 | N20: 0 | O20: 0 | P20: 0 | Q20: 0 | R20: 0 | S20: 0 | T20: 0 | U20: 0 | V20: 0 | W20: 0 | X20: 0 | Y20: 0 | Z20: 0 | AA20: 0 | AB20: 0 | AC20: 0 | AD20: 0 | AE20: 0 | AF20: 0 | AG20: 0 | AH20: 0 | AI20: 0 | AJ20: 0 | AK20: 0 | AL20: 0 | AM20: 0 | AN20: 0 | AO20: 0 | AP20: 0 | AQ20: 0 | AR20: 0 | AS20: 0 | AT20: 0 | AU20: 0
A21: Margate City | B21: Atlantic | C21: 3400143890 | D21: city | E21: unvisited | F21: 0 | G21: 0 | H21: 0 | I21: 0 | J21: 0 | K21: https://en.wikipedia.org/wiki/Margate_City,_New_Jersey | L21: 0 | M21: 0 | N21: 0 | O21: 0 | P21: 0 | Q21: 0 | R21: 0 | S21: 0 | T21: 0 | U21: 0 | V21: 0 | W21: 0 | X21: 0 | Y21: 0 | Z21: 0 | AA21: 0 | AB21: 0 | AC21: 0 | AD21: 0 | AE21: 0 | AF21: 0 | AG21: 0 | AH21: 0 | AI21: 0 | AJ21: 0 | AK21: 0 | AL21: 0 | AM21: 0 | AN21: 0 | AO21: 0 | AP21: 0 | AQ21: 0 | AR21: 0 | AS21: 0 | AT21: 0 | AU21: 0
A22: Mullica | B22: Atlantic | C22: 3400149410 | D22: township | E22: unvisited | F22: 0 | G22: 0 | H22: 0 | I22: 0 | J22: 0 | K22: https://en.wikipedia.org/wiki/Mullica_Township,_New_Jersey | L22: 0 | M22: 0 | N22: 0 | O22: 0 | P22: 0 | Q22: 0 | R22: 0 | S22: 0 | T22: 0 | U22: 0 | V22: 0 | W22: 0 | X22: 0 | Y22: 0 | Z22: 0 | AA22: 0 | AB22: 0 | AC22: 0 | AD22: 0 | AE22: 0 | AF22: 0 | AG22: 0 | AH22: 0 | AI22: 0 | AJ22: 0 | AK22: 0 | AL22: 0 | AM22: 0 | AN22: 0 | AO22: 0 | AP22: 0 | AQ22: 0 | AR22: 0 | AS22: 0 | AT22: 0 | AU22: 0
A23: Northfield | B23: Atlantic | C23: 3400152950 | D23: city | E23: pre-challenge | F23: 0 | G23: Venture's Offshore Café | H23: 45619 | I23: Ventura's Offshore Café | J23: https://www.venturascafe.com/ | K23: https://en.wikipedia.org/wiki/Northfield,_New_Jersey | L23: 0 | M23: 0 | N23: 0 | O23: 0 | P23: 0 | Q23: 0 | R23: 0 | S23: 0 | T23: 0 | U23: 0 | V23: 0 | W23: 0 | X23: 0 | Y23: 0 | Z23: 0 | AA23: 0 | AB23: 0 | AC23: 0 | AD23: 0 | AE23: 0 | AF23: 0 | AG23: 0 | AH23: 0 | AI23: 0 | AJ23: 0 | AK23: 0 | AL23: 0 | AM23: 0 | AN23: 0 | AO23: 0 | AP23: 0 | AQ23: 0 | AR23: 0 | AS23: 0 | AT23: 0 | AU23: 0
A24: Pleasantville | B24: Atlantic | C24: 3400159640 | D24: city | E24: unvisited | F24: 0 | G24: 0 | H24: 0 | I24: 0 | J24: 0 | K24: https://en.wikipedia.org/wiki/Pleasantville,_New_Jersey | L24: 0 | M24: 0 | N24: 0 | O24: 0 | P24: 0 | Q24: 0 | R24: 0 | S24: 0 | T24: 0 | U24: 0 | V24: 0 | W24: 0 | X24: 0 | Y24: 0 | Z24: 0 | AA24: 0 | AB24: 0 | AC24: 0 | AD24: 0 | AE24: 0 | AF24: 0 | AG24: 0 | AH24: 0 | AI24: 0 | AJ24: 0 | AK24: 0 | AL24: 0 | AM24: 0 | AN24: 0 | AO24: 0 | AP24: 0 | AQ24: 0 | AR24: 0 | AS24: 0 | AT24: 0 | AU24: 0
A25: Port Republic | B25: Atlantic | C25: 3400160600 | D25: city | E25: unvisited | F25: 0 | G25: 0 | H25: 0 | I25: 0 | J25: 0 | K25: https://en.wikipedia.org/wiki/Port_Republic,_New_Jersey | L25: 0 | M25: 0 | N25: 0 | O25: 0 | P25: 0 | Q25: 0 | R25: 0 | S25: 0 | T25: 0 | U25: 0 | V25: 0 | W25: 0 | X25: 0 | Y25: 0 | Z25: 0 | AA25: 0 | AB25: 0 | AC25: 0 | AD25: 0 | AE25: 0 | AF25: 0 | AG25: 0 | AH25: 0 | AI25: 0 | AJ25: 0 | AK25: 0 | AL25: 0 | AM25: 0 | AN25: 0 | AO25: 0 | AP25: 0 | AQ25: 0 | AR25: 0 | AS25: 0 | AT25: 0 | AU25: 0
A26: Somers Point | B26: Atlantic | C26: 3400168430 | D26: city | E26: pre-challenge | F26: 0 | G26: Manco & Manco | H26: 44250 | I26: Manco and Manco | J26: https://mancospizza.com/ | K26: https://en.wikipedia.org/wiki/Somers_Point,_New_Jersey | L26: 0 | M26: 0 | N26: 0 | O26: 0 | P26: 0 | Q26: 0 | R26: 0 | S26: 0 | T26: 0 | U26: 0 | V26: 0 | W26: 0 | X26: 0 | Y26: 0 | Z26: 0 | AA26: 0 | AB26: 0 | AC26: 0 | AD26: 0 | AE26: 0 | AF26: 0 | AG26: 0 | AH26: 0 | AI26: 0 | AJ26: 0 | AK26: 0 | AL26: 0 | AM26: 0 | AN26: 0 | AO26: 0 | AP26: 0 | AQ26: 0 | AR26: 0 | AS26: 0 | AT26: 0 | AU26: 0
A27: Ventnor City | B27: Atlantic | C27: 3400175620 | D27: city | E27: unvisited | F27: 0 | G27: 0 | H27: 0 | I27: 0 | J27: 0 | K27: https://en.wikipedia.org/wiki/Ventnor_City,_New_Jersey | L27: 0 | M27: 0 | N27: 0 | O27: 0 | P27: 0 | Q27: 0 | R27: 0 | S27: 0 | T27: 0 | U27: 0 | V27: 0 | W27: 0 | X27: 0 | Y27: 0 | Z27: 0 | AA27: 0 | AB27: 0 | AC27: 0 | AD27: 0 | AE27: 0 | AF27: 0 | AG27: 0 | AH27: 0 | AI27: 0 | AJ27: 0 | AK27: 0 | AL27: 0 | AM27: 0 | AN27: 0 | AO27: 0 | AP27: 0 | AQ27: 0 | AR27: 0 | AS27: 0 | AT27: 0 | AU27: 0
A28: Weymouth | B28: Atlantic | C28: 3400180330 | D28: township | E28: unvisited | F28: 0 | G28: 0 | H28: 0 | I28: 0 | J28: 0 | K28: https://en.wikipedia.org/wiki/Weymouth_Township,_New_Jersey | L28: 0 | M28: 0 | N28: 0 | O28: 0 | P28: 0 | Q28: 0 | R28: 0 | S28: 0 | T28: 0 | U28: 0 | V28: 0 | W28: 0 | X28: 0 | Y28: 0 | Z28: 0 | AA28: 0 | AB28: 0 | AC28: 0 | AD28: 0 | AE28: 0 | AF28: 0 | AG28: 0 | AH28: 0 | AI28: 0 | AJ28: 0 | AK28: 0 | AL28: 0 | AM28: 0 | AN28: 0 | AO28: 0 | AP28: 0 | AQ28: 0 | AR28: 0 | AS28: 0 | AT28: 0 | AU28: 0

Sheet Bergen
A1: Bergen County
A2: Total Towns | B2: =COUNTIF(Data!B$3:B$602,"Bergen") -> 70 | C2: Visited | D2: =COUNTIFS(Data!B$3:B$602,"Bergen",Data!E3:E602,"visited")+COUNTIFS(Data!B$3:B$602,"Bergen",Data!E3:E602,"queued")+COUNTIFS(Data!B$3:B$602,"Bergen",Data!E3:E602,"pre-challenge") -> 19 | E2: To Go | F2: =B2-D2 -> 51
A4: MUNICIPALITY | E4: VISIT DATA | I4: RESTAURANT LINK | K4: WIKIPEDIA | L4: INSTAGRAM | P4: TIKTOK | T4: YOUTUBE | X4: THREADS | AB4: BLUESKY | AF4: FACEBOOK | AJ4: EXTRA / OVERFLOW LINKS
A5: name | B5: county | C5: geoid | D5: townType | E5: status | F5: visitNumber | G5: restaurantName | H5: dateVisited | I5: restaurant_label | J5: restaurant_url | K5: wikipedia_url | L5: instagram1_label | M5: instagram1_url | N5: instagram2_label | O5: instagram2_url | P5: tiktok1_label | Q5: tiktok1_url | R5: tiktok2_label | S5: tiktok2_url | T5: youtube1_label | U5: youtube1_url | V5: youtube2_label | W5: youtube2_url | X5: threads1_label | Y5: threads1_url | Z5: threads2_label | AA5: threads2_url | AB5: bluesky1_label | AC5: bluesky1_url | AD5: bluesky2_label | AE5: bluesky2_url | AF5: facebook1_label | AG5: facebook1_url | AH5: facebook2_label | AI5: facebook2_url | AJ5: extra1_category | AK5: extra1_platform | AL5: extra1_label | AM5: extra1_url | AN5: extra2_category | AO5: extra2_platform | AP5: extra2_label | AQ5: extra2_url | AR5: extra3_category | AS5: extra3_platform | AT5: extra3_label | AU5: extra3_url
A6: {=_xlfn._xlws.FILTER(Data!A$3:AU$602,Data!B$3:B$602="Bergen","")} -> Allendale | B6: Bergen | C6: 3400300700 | D6: borough | E6: unvisited | F6: 0 | G6: 0 | H6: 0 | I6: 0 | J6: 0 | K6: https://en.wikipedia.org/wiki/Allendale,_New_Jersey | L6: 0 | M6: 0 | N6: 0 | O6: 0 | P6: 0 | Q6: 0 | R6: 0 | S6: 0 | T6: 0 | U6: 0 | V6: 0 | W6: 0 | X6: 0 | Y6: 0 | Z6: 0 | AA6: 0 | AB6: 0 | AC6: 0 | AD6: 0 | AE6: 0 | AF6: 0 | AG6: 0 | AH6: 0 | AI6: 0 | AJ6: 0 | AK6: 0 | AL6: 0 | AM6: 0 | AN6: 0 | AO6: 0 | AP6: 0 | AQ6: 0 | AR6: 0 | AS6: 0 | AT6: 0 | AU6: 0
A7: Alpine | B7: Bergen | C7: 3400301090 | D7: borough | E7: queued | F7: 239 | G7: Kiku Japanese Steakhouse | H7: 2024-10-11 | I7: Kiku Japanese Steakhouse | J7: https://www.kikurestaurantsnj.com/ | K7: https://en.wikipedia.org/wiki/Alpine,_New_Jersey | L7: 0 | M7: 0 | N7: 0 | O7: 0 | P7: 0 | Q7: 0 | R7: 0 | S7: 0 | T7: 0 | U7: 0 | V7: 0 | W7: 0 | X7: 0 | Y7: 0 | Z7: 0 | AA7: 0 | AB7: 0 | AC7: 0 | AD7: 0 | AE7: 0 | AF7: 0 | AG7: 0 | AH7: 0 | AI7: 0 | AJ7: 0 | AK7: 0 | AL7: 0 | AM7: 0 | AN7: 0 | AO7: 0 | AP7: 0 | AQ7: 0 | AR7: 0 | AS7: 0 | AT7: 0 | AU7: 0
A8: Bergenfield | B8: Bergen | C8: 3400305170 | D8: borough | E8: unvisited | F8: 0 | G8: 0 | H8: 0 | I8: 0 | J8: 0 | K8: https://en.wikipedia.org/wiki/Bergenfield,_New_Jersey | L8: 0 | M8: 0 | N8: 0 | O8: 0 | P8: 0 | Q8: 0 | R8: 0 | S8: 0 | T8: 0 | U8: 0 | V8: 0 | W8: 0 | X8: 0 | Y8: 0 | Z8: 0 | AA8: 0 | AB8: 0 | AC8: 0 | AD8: 0 | AE8: 0 | AF8: 0 | AG8: 0 | AH8: 0 | AI8: 0 | AJ8: 0 | AK8: 0 | AL8: 0 | AM8: 0 | AN8: 0 | AO8: 0 | AP8: 0 | AQ8: 0 | AR8: 0 | AS8: 0 | AT8: 0 | AU8: 0
A9: Bogota | B9: Bergen | C9: 3400306490 | D9: borough | E9: unvisited | F9: 0 | G9: 0 | H9: 0 | I9: 0 | J9: 0 | K9: https://en.wikipedia.org/wiki/Bogota,_New_Jersey | L9: 0 | M9: 0 | N9: 0 | O9: 0 | P9: 0 | Q9: 0 | R9: 0 | S9: 0 | T9: 0 | U9: 0 | V9: 0 | W9: 0 | X9: 0 | Y9: 0 | Z9: 0 | AA9: 0 | AB9: 0 | AC9: 0 | AD9: 0 | AE9: 0 | AF9: 0 | AG9: 0 | AH9: 0 | AI9: 0 | AJ9: 0 | AK9: 0 | AL9: 0 | AM9: 0 | AN9: 0 | AO9: 0 | AP9: 0 | AQ9: 0 | AR9: 0 | AS9: 0 | AT9: 0 | AU9: 0
A10: Carlstadt | B10: Bergen | C10: 3400310480 | D10: borough | E10: queued | F10: 215 | G10: Biggie's Clam Bar | H10: 2024-07-17 | I10: Biggie's Clam Bar | J10: https://biggies.com/ | K10: https://en.wikipedia.org/wiki/Carlstadt,_New_Jersey | L10: 0 | M10: 0 | N10: 0 | O10: 0 | P10: 0 | Q10: 0 | R10: 0 | S10: 0 | T10: 0 | U10: 0 | V10: 0 | W10: 0 | X10: 0 | Y10: 0 | Z10: 0 | AA10: 0 | AB10: 0 | AC10: 0 | AD10: 0 | AE10: 0 | AF10: 0 | AG10: 0 | AH10: 0 | AI10: 0 | AJ10: 0 | AK10: 0 | AL10: 0 | AM10: 0 | AN10: 0 | AO10: 0 | AP10: 0 | AQ10: 0 | AR10: 0 | AS10: 0 | AT10: 0 | AU10: 0
A11: Cliffside Park | B11: Bergen | C11: 3400313570 | D11: borough | E11: queued | F11: 163 | G11: Mirak - Korean/Japanese Sushi Restauarant | H11: 2023-01-02 | I11: Mirak | J11: https://mirakcliffsidepark.com/ | K11: https://en.wikipedia.org/wiki/Cliffside_Park,_New_Jersey | L11: 0 | M11: 0 | N11: 0 | O11: 0 | P11: 0 | Q11: 0 | R11: 0 | S11: 0 | T11: 0 | U11: 0 | V11: 0 | W11: 0 | X11: 0 | Y11: 0 | Z11: 0 | AA11: 0 | AB11: 0 | AC11: 0 | AD11: 0 | AE11: 0 | AF11: 0 | AG11: 0 | AH11: 0 | AI11: 0 | AJ11: 0 | AK11: 0 | AL11: 0 | AM11: 0 | AN11: 0 | AO11: 0 | AP11: 0 | AQ11: 0 | AR11: 0 | AS11: 0 | AT11: 0 | AU11: 0
A12: Closter | B12: Bergen | C12: 3400313810 | D12: borough | E12: unvisited | F12: 0 | G12: 0 | H12: 0 | I12: 0 | J12: 0 | K12: https://en.wikipedia.org/wiki/Closter,_New_Jersey | L12: 0 | M12: 0 | N12: 0 | O12: 0 | P12: 0 | Q12: 0 | R12: 0 | S12: 0 | T12: 0 | U12: 0 | V12: 0 | W12: 0 | X12: 0 | Y12: 0 | Z12: 0 | AA12: 0 | AB12: 0 | AC12: 0 | AD12: 0 | AE12: 0 | AF12: 0 | AG12: 0 | AH12: 0 | AI12: 0 | AJ12: 0 | AK12: 0 | AL12: 0 | AM12: 0 | AN12: 0 | AO12: 0 | AP12: 0 | AQ12: 0 | AR12: 0 | AS12: 0 | AT12: 0 | AU12: 0
A13: Cresskill | B13: Bergen | C13: 3400315820 | D13: borough | E13: unvisited | F13: 0 | G13: 0 | H13: 0 | I13: 0 | J13: 0 | K13: https://en.wikipedia.org/wiki/Cresskill,_New_Jersey | L13: 0 | M13: 0 | N13: 0 | O13: 0 | P13: 0 | Q13: 0 | R13: 0 | S13: 0 | T13: 0 | U13: 0 | V13: 0 | W13: 0 | X13: 0 | Y13: 0 | Z13: 0 | AA13: 0 | AB13: 0 | AC13: 0 | AD13: 0 | AE13: 0 | AF13: 0 | AG13: 0 | AH13: 0 | AI13: 0 | AJ13: 0 | AK13: 0 | AL13: 0 | AM13: 0 | AN13: 0 | AO13: 0 | AP13: 0 | AQ13: 0 | AR13: 0 | AS13: 0 | AT13: 0 | AU13: 0
A14: Demarest | B14: Bergen | C14: 3400317530 | D14: borough | E14: unvisited | F14: 0 | G14: 0 | H14: 0 | I14: 0 | J14: 0 | K14: https://en.wikipedia.org/wiki/Demarest,_New_Jersey | L14: 0 | M14: 0 | N14: 0 | O14: 0 | P14: 0 | Q14: 0 | R14: 0 | S14: 0 | T14: 0 | U14: 0 | V14: 0 | W14: 0 | X14: 0 | Y14: 0 | Z14: 0 | AA14: 0 | AB14: 0 | AC14: 0 | AD14: 0 | AE14: 0 | AF14: 0 | AG14: 0 | AH14: 0 | AI14: 0 | AJ14: 0 | AK14: 0 | AL14: 0 | AM14: 0 | AN14: 0 | AO14: 0 | AP14: 0 | AQ14: 0 | AR14: 0 | AS14: 0 | AT14: 0 | AU14: 0
A15: Dumont | B15: Bergen | C15: 3400318400 | D15: borough | E15: unvisited | F15: 0 | G15: 0 | H15: 0 | I15: 0 | J15: 0 | K15: https://en.wikipedia.org/wiki/Dumont,_New_Jersey | L15: 0 | M15: 0 | N15: 0 | O15: 0 | P15: 0 | Q15: 0 | R15: 0 | S15: 0 | T15: 0 | U15: 0 | V15: 0 | W15: 0 | X15: 0 | Y15: 0 | Z15: 0 | AA15: 0 | AB15: 0 | AC15: 0 | AD15: 0 | AE15: 0 | AF15: 0 | AG15: 0 | AH15: 0 | AI15: 0 | AJ15: 0 | AK15: 0 | AL15: 0 | AM15: 0 | AN15: 0 | AO15: 0 | AP15: 0 | AQ15: 0 | AR15: 0 | AS15: 0 | AT15: 0 | AU15: 0
A16: East Rutherford | B16: Bergen | C16: 3400319510 | D16: borough | E16: visited | F16: 111 | G16: "Wawa Picnic" - Tailgating for Springsteen | H16: 2023-09-03 | I16: 0 | J16: 0 | K16: https://en.wikipedia.org/wiki/East_Rutherford,_New_Jersey | L16: NJ Town #111: East Rutherford | M16: https://www.instagram.com/p/DIuAH24xYCm/ | N16: 0 | O16: 0 | P16: 0 | Q16: 0 | R16: 0 | S16: 0 | T16: 0 | U16: 0 | V16: 0 | W16: 0 | X16: 0 | Y16: 0 | Z16: 0 | AA16: 0 | AB16: 0 | AC16: 0 | AD16: 0 | AE16: 0 | AF16: 0 | AG16: 0 | AH16: 0 | AI16: 0 | AJ16: 0 | AK16: 0 | AL16: Town #111 | AM16: https://www.instagram.com/p/DIuAH24xYCm/ | AN16: 0 | AO16: 0 | AP16: 0 | AQ16: 0 | AR16: 0 | AS16: 0 | AT16: 0 | AU16: 0
A17: Edgewater | B17: Bergen | C17: 3400320020 | D17: borough | E17: unvisited | F17: 0 | G17: 0 | H17: 0 | I17: 0 | J17: 0 | K17: https://en.wikipedia.org/wiki/Edgewater,_New_Jersey | L17: 0 | M17: 0 | N17: 0 | O17: 0 | P17: 0 | Q17: 0 | R17: 0 | S17: 0 | T17: 0 | U17: 0 | V17: 0 | W17: 0 | X17: 0 | Y17: 0 | Z17: 0 | AA17: 0 | AB17: 0 | AC17: 0 | AD17: 0 | AE17: 0 | AF17: 0 | AG17: 0 | AH17: 0 | AI17: 0 | AJ17: 0 | AK17: 0 | AL17: 0 | AM17: 0 | AN17: 0 | AO17: 0 | AP17: 0 | AQ17: 0 | AR17: 0 | AS17: 0 | AT17: 0 | AU17: 0
A18: Elmwood Park | B18: Bergen | C18: 3400321300 | D18: borough | E18: unvisited | F18: 0 | G18: 0 | H18: 0 | I18: 0 | J18: 0 | K18: https://en.wikipedia.org/wiki/Elmwood_Park,_New_Jersey | L18: 0 | M18: 0 | N18: 0 | O18: 0 | P18: 0 | Q18: 0 | R18: 0 | S18: 0 | T18: 0 | U18: 0 | V18: 0 | W18: 0 | X18: 0 | Y18: 0 | Z18: 0 | AA18: 0 | AB18: 0 | AC18: 0 | AD18: 0 | AE18: 0 | AF18: 0 | AG18: 0 | AH18: 0 | AI18: 0 | AJ18: 0 | AK18: 0 | AL18: 0 | AM18: 0 | AN18: 0 | AO18: 0 | AP18: 0 | AQ18: 0 | AR18: 0 | AS18: 0 | AT18: 0 | AU18: 0
A19: Emerson | B19: Bergen | C19: 3400321450 | D19: borough | E19: unvisited | F19: 0 | G19: 0 | H19: 0 | I19: 0 | J19: 0 | K19: https://en.wikipedia.org/wiki/Emerson,_New_Jersey | L19: 0 | M19: 0 | N19: 0 | O19: 0 | P19: 0 | Q19: 0 | R19: 0 | S19: 0 | T19: 0 | U19: 0 | V19: 0 | W19: 0 | X19: 0 | Y19: 0 | Z19: 0 | AA19: 0 | AB19: 0 | AC19: 0 | AD19: 0 | AE19: 0 | AF19: 0 | AG19: 0 | AH19: 0 | AI19: 0 | AJ19: 0 | AK19: 0 | AL19: 0 | AM19: 0 | AN19: 0 | AO19: 0 | AP19: 0 | AQ19: 0 | AR19: 0 | AS19: 0 | AT19: 0 | AU19: 0
A20: Englewood | B20: Bergen | C20: 3400321480 | D20: city | E20: unvisited | F20: 0 | G20: 0 | H20: 0 | I20: 0 | J20: 0 | K20: https://en.wikipedia.org/wiki/Englewood,_New_Jersey | L20: 0 | M20: 0 | N20: 0 | O20: 0 | P20: 0 | Q20: 0 | R20: 0 | S20: 0 | T20: 0 | U20: 0 | V20: 0 | W20: 0 | X20: 0 | Y20: 0 | Z20: 0 | AA20: 0 | AB20: 0 | AC20: 0 | AD20: 0 | AE20: 0 | AF20: 0 | AG20: 0 | AH20: 0 | AI20: 0 | AJ20: 0 | AK20: 0 | AL20: 0 | AM20: 0 | AN20: 0 | AO20: 0 | AP20: 0 | AQ20: 0 | AR20: 0 | AS20: 0 | AT20: 0 | AU20: 0
A21: Englewood Cliffs | B21: Bergen | C21: 3400321510 | D21: borough | E21: queued | F21: 167 | G21: Brownstone Pancake Factory | H21: 2024-01-15 | I21: Brownstone Pancake Factory | J21: https://www.brownstonepancakefactory.com/ | K21: https://en.wikipedia.org/wiki/Englewood_Cliffs,_New_Jersey | L21: 0 | M21: 0 | N21: 0 | O21: 0 | P21: 0 | Q21: 0 | R21: 0 | S21: 0 | T21: 0 | U21: 0 | V21: 0 | W21: 0 | X21: 0 | Y21: 0 | Z21: 0 | AA21: 0 | AB21: 0 | AC21: 0 | AD21: 0 | AE21: 0 | AF21: 0 | AG21: 0 | AH21: 0 | AI21: 0 | AJ21: 0 | AK21: 0 | AL21: 0 | AM21: 0 | AN21: 0 | AO21: 0 | AP21: 0 | AQ21: 0 | AR21: 0 | AS21: 0 | AT21: 0 | AU21: 0
A22: Fair Lawn | B22: Bergen | C22: 3400322470 | D22: borough | E22: unvisited | F22: 0 | G22: 0 | H22: 0 | I22: 0 | J22: 0 | K22: https://en.wikipedia.org/wiki/Fair_Lawn,_New_Jersey | L22: 0 | M22: 0 | N22: 0 | O22: 0 | P22: 0 | Q22: 0 | R22: 0 | S22: 0 | T22: 0 | U22: 0 | V22: 0 | W22: 0 | X22: 0 | Y22: 0 | Z22: 0 | AA22: 0 | AB22: 0 | AC22: 0 | AD22: 0 | AE22: 0 | AF22: 0 | AG22: 0 | AH22: 0 | AI22: 0 | AJ22: 0 | AK22: 0 | AL22: 0 | AM22: 0 | AN22: 0 | AO22: 0 | AP22: 0 | AQ22: 0 | AR22: 0 | AS22: 0 | AT22: 0 | AU22: 0
A23: Fairview | B23: Bergen | C23: 3400322560 | D23: borough | E23: queued | F23: 258 | G23: Cast Iron Pot Original | H23: 2024-12-30 | I23: Cast Iron Pot | J23: https://castironpotbbq.com/ | K23: https://en.wikipedia.org/wiki/Fairview,_New_Jersey | L23: 0 | M23: 0 | N23: 0 | O23: 0 | P23: 0 | Q23: 0 | R23: 0 | S23: 0 | T23: 0 | U23: 0 | V23: 0 | W23: 0 | X23: 0 | Y23: 0 | Z23: 0 | AA23: 0 | AB23: 0 | AC23: 0 | AD23: 0 | AE23: 0 | AF23: 0 | AG23: 0 | AH23: 0 | AI23: 0 | AJ23: 0 | AK23: 0 | AL23: 0 | AM23: 0 | AN23: 0 | AO23: 0 | AP23: 0 | AQ23: 0 | AR23: 0 | AS23: 0 | AT23: 0 | AU23: 0
A24: Fort Lee | B24: Bergen | C24: 3400324420 | D24: borough | E24: queued | F24: 178 | G24: Q Grill Korean BBQ & Seafood | H24: 2024-02-17 | I24: Q Grill | J24: https://qgrillkbbq.com/ | K24: https://en.wikipedia.org/wiki/Fort_Lee,_New_Jersey | L24: 0 | M24: 0 | N24: 0 | O24: 0 | P24: 0 | Q24: 0 | R24: 0 | S24: 0 | T24: 0 | U24: 0 | V24: 0 | W24: 0 | X24: 0 | Y24: 0 | Z24: 0 | AA24: 0 | AB24: 0 | AC24: 0 | AD24: 0 | AE24: 0 | AF24: 0 | AG24: 0 | AH24: 0 | AI24: 0 | AJ24: 0 | AK24: 0 | AL24: 0 | AM24: 0 | AN24: 0 | AO24: 0 | AP24: 0 | AQ24: 0 | AR24: 0 | AS24: 0 | AT24: 0 | AU24: 0
A25: Franklin Lakes | B25: Bergen | C25: 3400324990 | D25: borough | E25: unvisited | F25: 0 | G25: 0 | H25: 0 | I25: 0 | J25: 0 | K25: https://en.wikipedia.org/wiki/Franklin_Lakes,_New_Jersey | L25: 0 | M25: 0 | N25: 0 | O25: 0 | P25: 0 | Q25: 0 | R25: 0 | S25: 0 | T25: 0 | U25: 0 | V25: 0 | W25: 0 | X25: 0 | Y25: 0 | Z25: 0 | AA25: 0 | AB25: 0 | AC25: 0 | AD25: 0 | AE25: 0 | AF25: 0 | AG25: 0 | AH25: 0 | AI25: 0 | AJ25: 0 | AK25: 0 | AL25: 0 | AM25: 0 | AN25: 0 | AO25: 0 | AP25: 0 | AQ25: 0 | AR25: 0 | AS25: 0 | AT25: 0 | AU25: 0
A26: Garfield | B26: Bergen | C26: 3400325770 | D26: city | E26: unvisited | F26: 0 | G26: 0 | H26: 0 | I26: 0 | J26: 0 | K26: https://en.wikipedia.org/wiki/Garfield,_New_Jersey | L26: 0 | M26: 0 | N26: 0 | O26: 0 | P26: 0 | Q26: 0 | R26: 0 | S26: 0 | T26: 0 | U26: 0 | V26: 0 | W26: 0 | X26: 0 | Y26: 0 | Z26: 0 | AA26: 0 | AB26: 0 | AC26: 0 | AD26: 0 | AE26: 0 | AF26: 0 | AG26: 0 | AH26: 0 | AI26: 0 | AJ26: 0 | AK26: 0 | AL26: 0 | AM26: 0 | AN26: 0 | AO26: 0 | AP26: 0 | AQ26: 0 | AR26: 0 | AS26: 0 | AT26: 0 | AU26: 0
A27: Glen Rock | B27: Bergen | C27: 3400326640 | D27: borough | E27: unvisited | F27: 0 | G27: 0 | H27: 0 | I27: 0 | J27: 0 | K27: https://en.wikipedia.org/wiki/Glen_Rock,_New_Jersey | L27: 0 | M27: 0 | N27: 0 | O27: 0 | P27: 0 | Q27: 0 | R27: 0 | S27: 0 | T27: 0 | U27: 0 | V27: 0 | W27: 0 | X27: 0 | Y27: 0 | Z27: 0 | AA27: 0 | AB27: 0 | AC27: 0 | AD27: 0 | AE27: 0 | AF27: 0 | AG27: 0 | AH27: 0 | AI27: 0 | AJ27: 0 | AK27: 0 | AL27: 0 | AM27: 0 | AN27: 0 | AO27: 0 | AP27: 0 | AQ27: 0 | AR27: 0 | AS27: 0 | AT27: 0 | AU27: 0
A28: Hackensack | B28: Bergen | C28: 3400328680 | D28: city | E28: queued | F28: 233 | G28: White Manna Hamburgers | H28: 2024-09-21 | I28: White Manna | J28: https://www.whitemanna.com/ | K28: https://en.wikipedia.org/wiki/Hackensack,_New_Jersey | L28: 0 | M28: 0 | N28: 0 | O28: 0 | P28: 0 | Q28: 0 | R28: 0 | S28: 0 | T28: 0 | U28: 0 | V28: 0 | W28: 0 | X28: 0 | Y28: 0 | Z28: 0 | AA28: 0 | AB28: 0 | AC28: 0 | AD28: 0 | AE28: 0 | AF28: 0 | AG28: 0 | AH28: 0 | AI28: 0 | AJ28: 0 | AK28: 0 | AL28: 0 | AM28: 0 | AN28: 0 | AO28: 0 | AP28: 0 | AQ28: 0 | AR28: 0 | AS28: 0 | AT28: 0 | AU28: 0
A29: Harrington Park | B29: Bergen | C29: 3400330150 | D29: borough | E29: unvisited | F29: 0 | G29: 0 | H29: 0 | I29: 0 | J29: 0 | K29: https://en.wikipedia.org/wiki/Harrington_Park,_New_Jersey | L29: 0 | M29: 0 | N29: 0 | O29: 0 | P29: 0 | Q29: 0 | R29: 0 | S29: 0 | T29: 0 | U29: 0 | V29: 0 | W29: 0 | X29: 0 | Y29: 0 | Z29: 0 | AA29: 0 | AB29: 0 | AC29: 0 | AD29: 0 | AE29: 0 | AF29: 0 | AG29: 0 | AH29: 0 | AI29: 0 | AJ29: 0 | AK29: 0 | AL29: 0 | AM29: 0 | AN29: 0 | AO29: 0 | AP29: 0 | AQ29: 0 | AR29: 0 | AS29: 0 | AT29: 0 | AU29: 0
A30: Hasbrouck Heights | B30: Bergen | C30: 3400330420 | D30: borough | E30: unvisited | F30: 0 | G30: 0 | H30: 0 | I30: 0 | J30: 0 | K30: https://en.wikipedia.org/wiki/Hasbrouck_Heights,_New_Jersey | L30: 0 | M30: 0 | N30: 0 | O30: 0 | P30: 0 | Q30: 0 | R30: 0 | S30: 0 | T30: 0 | U30: 0 | V30: 0 | W30: 0 | X30: 0 | Y30: 0 | Z30: 0 | AA30: 0 | AB30: 0 | AC30: 0 | AD30: 0 | AE30: 0 | AF30: 0 | AG30: 0 | AH30: 0 | AI30: 0 | AJ30: 0 | AK30: 0 | AL30: 0 | AM30: 0 | AN30: 0 | AO30: 0 | AP30: 0 | AQ30: 0 | AR30: 0 | AS30: 0 | AT30: 0 | AU30: 0
A31: Haworth | B31: Bergen | C31: 3400330540 | D31: borough | E31: unvisited | F31: 0 | G31: 0 | H31: 0 | I31: 0 | J31: 0 | K31: https://en.wikipedia.org/wiki/Haworth,_New_Jersey | L31: 0 | M31: 0 | N31: 0 | O31: 0 | P31: 0 | Q31: 0 | R31: 0 | S31: 0 | T31: 0 | U31: 0 | V31: 0 | W31: 0 | X31: 0 | Y31: 0 | Z31: 0 | AA31: 0 | AB31: 0 | AC31: 0 | AD31: 0 | AE31: 0 | AF31: 0 | AG31: 0 | AH31: 0 | AI31: 0 | AJ31: 0 | AK31: 0 | AL31: 0 | AM31: 0 | AN31: 0 | AO31: 0 | AP31: 0 | AQ31: 0 | AR31: 0 | AS31: 0 | AT31: 0 | AU31: 0
A32: Hillsdale | B32: Bergen | C32: 3400331920 | D32: borough | E32: unvisited | F32: 0 | G32: 0 | H32: 0 | I32: 0 | J32: 0 | K32: https://en.wikipedia.org/wiki/Hillsdale,_New_Jersey | L32: 0 | M32: 0 | N32: 0 | O32: 0 | P32: 0 | Q32: 0 | R32: 0 | S32: 0 | T32: 0 | U32: 0 | V32: 0 | W32: 0 | X32: 0 | Y32: 0 | Z32: 0 | AA32: 0 | AB32: 0 | AC32: 0 | AD32: 0 | AE32: 0 | AF32: 0 | AG32: 0 | AH32: 0 | AI32: 0 | AJ32: 0 | AK32: 0 | AL32: 0 | AM32: 0 | AN32: 0 | AO32: 0 | AP32: 0 | AQ32: 0 | AR32: 0 | AS32: 0 | AT32: 0 | AU32: 0
A33: Ho-Ho-Kus | B33: Bergen | C33: 3400332310 | D33: borough | E33: unvisited | F33: 0 | G33: 0 | H33: 0 | I33: 0 | J33: 0 | K33: https://en.wikipedia.org/wiki/Ho-Ho-Kus,_New_Jersey | L33: 0 | M33: 0 | N33: 0 | O33: 0 | P33: 0 | Q33: 0 | R33: 0 | S33: 0 | T33: 0 | U33: 0 | V33: 0 | W33: 0 | X33: 0 | Y33: 0 | Z33: 0 | AA33: 0 | AB33: 0 | AC33: 0 | AD33: 0 | AE33: 0 | AF33: 0 | AG33: 0 | AH33: 0 | AI33: 0 | AJ33: 0 | AK33: 0 | AL33: 0 | AM33: 0 | AN33: 0 | AO33: 0 | AP33: 0 | AQ33: 0 | AR33: 0 | AS33: 0 | AT33: 0 | AU33: 0
A34: Leonia | B34: Bergen | C34: 3400340020 | D34: borough | E34: unvisited | F34: 0 | G34: 0 | H34: 0 | I34: 0 | J34: 0 | K34: https://en.wikipedia.org/wiki/Leonia,_New_Jersey | L34: 0 | M34: 0 | N34: 0 | O34: 0 | P34: 0 | Q34: 0 | R34: 0 | S34: 0 | T34: 0 | U34: 0 | V34: 0 | W34: 0 | X34: 0 | Y34: 0 | Z34: 0 | AA34: 0 | AB34: 0 | AC34: 0 | AD34: 0 | AE34: 0 | AF34: 0 | AG34: 0 | AH34: 0 | AI34: 0 | AJ34: 0 | AK34: 0 | AL34: 0 | AM34: 0 | AN34: 0 | AO34: 0 | AP34: 0 | AQ34: 0 | AR34: 0 | AS34: 0 | AT34: 0 | AU34: 0
A35: Little Ferry | B35: Bergen | C35: 3400340680 | D35: borough | E35: unvisited | F35: 0 | G35: 0 | H35: 0 | I35: 0 | J35: 0 | K35: https://en.wikipedia.org/wiki/Little_Ferry,_New_Jersey | L35: 0 | M35: 0 | N35: 0 | O35: 0 | P35: 0 | Q35: 0 | R35: 0 | S35: 0 | T35: 0 | U35: 0 | V35: 0 | W35: 0 | X35: 0 | Y35: 0 | Z35: 0 | AA35: 0 | AB35: 0 | AC35: 0 | AD35: 0 | AE35: 0 | AF35: 0 | AG35: 0 | AH35: 0 | AI35: 0 | AJ35: 0 | AK35: 0 | AL35: 0 | AM35: 0 | AN35: 0 | AO35: 0 | AP35: 0 | AQ35: 0 | AR35: 0 | AS35: 0 | AT35: 0 | AU35: 0
A36: Lodi | B36: Bergen | C36: 3400341100 | D36: borough | E36: pre-challenge | F36: 0 | G36: Wawa | H36: 2022-10-10 | I36: 0 | J36: 0 | K36: https://en.wikipedia.org/wiki/Lodi,_New_Jersey | L36: 0 | M36: 0 | N36: 0 | O36: 0 | P36: 0 | Q36: 0 | R36: 0 | S36: 0 | T36: 0 | U36: 0 | V36: 0 | W36: 0 | X36: 0 | Y36: 0 | Z36: 0 | AA36: 0 | AB36: 0 | AC36: 0 | AD36: 0 | AE36: 0 | AF36: 0 | AG36: 0 | AH36: 0 | AI36: 0 | AJ36: 0 | AK36: 0 | AL36: 0 | AM36: 0 | AN36: 0 | AO36: 0 | AP36: 0 | AQ36: 0 | AR36: 0 | AS36: 0 | AT36: 0 | AU36: 0
A37: Lyndhurst | B37: Bergen | C37: 3400342090 | D37: township | E37: pre-challenge | F37: 0 | G37: Lassoni | H37: 2016-11-19 | I37: Lassoni Restaurant | J37: https://lassonirestaurant.com/ | K37: https://en.wikipedia.org/wiki/Lyndhurst_Township,_New_Jersey | L37: 0 | M37: 0 | N37: 0 | O37: 0 | P37: 0 | Q37: 0 | R37: 0 | S37: 0 | T37: 0 | U37: 0 | V37: 0 | W37: 0 | X37: 0 | Y37: 0 | Z37: 0 | AA37: 0 | AB37: 0 | AC37: 0 | AD37: 0 | AE37: 0 | AF37: 0 | AG37: 0 | AH37: 0 | AI37: 0 | AJ37: 0 | AK37: 0 | AL37: 0 | AM37: 0 | AN37: 0 | AO37: 0 | AP37: 0 | AQ37: 0 | AR37: 0 | AS37: 0 | AT37: 0 | AU37: 0
A38: Mahwah | B38: Bergen | C38: 3400342750 | D38: township | E38: queued | F38: 213 | G38: Prime No. 7 x Ugly Chicken Korean BBQ | H38: 2024-07-12 | I38: Prime No.7 | J38: https://primeno7.com/ | K38: https://en.wikipedia.org/wiki/Mahwah_Township,_New_Jersey | L38: 0 | M38: 0 | N38: 0 | O38: 0 | P38: 0 | Q38: 0 | R38: 0 | S38: 0 | T38: 0 | U38: 0 | V38: 0 | W38: 0 | X38: 0 | Y38: 0 | Z38: 0 | AA38: 0 | AB38: 0 | AC38: 0 | AD38: 0 | AE38: 0 | AF38: 0 | AG38: 0 | AH38: 0 | AI38: 0 | AJ38: 0 | AK38: 0 | AL38: 0 | AM38: 0 | AN38: 0 | AO38: 0 | AP38: 0 | AQ38: 0 | AR38: 0 | AS38: 0 | AT38: 0 | AU38: 0
A39: Maywood | B39: Bergen | C39: 3400344880 | D39: borough | E39: pre-challenge | F39: 0 | G39: Mario's Pizza | H39: 2021-12-03 | I39: Mario's Pizza | J39: https://www.mariospizzanj.com/ | K39: https://en.wikipedia.org/wiki/Maywood,_New_Jersey | L39: 0 | M39: 0 | N39: 0 | O39: 0 | P39: 0 | Q39: 0 | R39: 0 | S39: 0 | T39: 0 | U39: 0 | V39: 0 | W39: 0 | X39: 0 | Y39: 0 | Z39: 0 | AA39: 0 | AB39: 0 | AC39: 0 | AD39: 0 | AE39: 0 | AF39: 0 | AG39: 0 | AH39: 0 | AI39: 0 | AJ39: 0 | AK39: 0 | AL39: 0 | AM39: 0 | AN39: 0 | AO39: 0 | AP39: 0 | AQ39: 0 | AR39: 0 | AS39: 0 | AT39: 0 | AU39: 0
A40: Midland Park | B40: Bergen | C40: 3400346110 | D40: borough | E40: unvisited | F40: 0 | G40: 0 | H40: 0 | I40: 0 | J40: 0 | K40: https://en.wikipedia.org/wiki/Midland_Park,_New_Jersey | L40: 0 | M40: 0 | N40: 0 | O40: 0 | P40: 0 | Q40: 0 | R40: 0 | S40: 0 | T40: 0 | U40: 0 | V40: 0 | W40: 0 | X40: 0 | Y40: 0 | Z40: 0 | AA40: 0 | AB40: 0 | AC40: 0 | AD40: 0 | AE40: 0 | AF40: 0 | AG40: 0 | AH40: 0 | AI40: 0 | AJ40: 0 | AK40: 0 | AL40: 0 | AM40: 0 | AN40: 0 | AO40: 0 | AP40: 0 | AQ40: 0 | AR40: 0 | AS40: 0 | AT40: 0 | AU40: 0
A41: Montvale | B41: Bergen | C41: 3400347610 | D41: borough | E41: queued | F41: 291 | G41: Fire & Oak | H41: 46251 | I41: Fire & Oak | J41: https://www.fireandoak.com/ | K41: https://en.wikipedia.org/wiki/Montvale,_New_Jersey | L41: 0 | M41: 0 | N41: 0 | O41: 0 | P41: 0 | Q41: 0 | R41: 0 | S41: 0 | T41: 0 | U41: 0 | V41: 0 | W41: 0 | X41: 0 | Y41: 0 | Z41: 0 | AA41: 0 | AB41: 0 | AC41: 0 | AD41: 0 | AE41: 0 | AF41: 0 | AG41: 0 | AH41: 0 | AI41: 0 | AJ41: 0 | AK41: 0 | AL41: 0 | AM41: 0 | AN41: 0 | AO41: 0 | AP41: 0 | AQ41: 0 | AR41: 0 | AS41: 0 | AT41: 0 | AU41: 0
A42: Moonachie | B42: Bergen | C42: 3400347700 | D42: borough | E42: queued | F42: 177 | G42: Segovia Restaurant | H42: 2024-02-14 | I42: Segovia Restaurant | J42: https://segoviarestaurant.com/ | K42: https://en.wikipedia.org/wiki/Moonachie,_New_Jersey | L42: 0 | M42: 0 | N42: 0 | O42: 0 | P42: 0 | Q42: 0 | R42: 0 | S42: 0 | T42: 0 | U42: 0 | V42: 0 | W42: 0 | X42: 0 | Y42: 0 | Z42: 0 | AA42: 0 | AB42: 0 | AC42: 0 | AD42: 0 | AE42: 0 | AF42: 0 | AG42: 0 | AH42: 0 | AI42: 0 | AJ42: 0 | AK42: 0 | AL42: 0 | AM42: 0 | AN42: 0 | AO42: 0 | AP42: 0 | AQ42: 0 | AR42: 0 | AS42: 0 | AT42: 0 | AU42: 0
A43: New Milford | B43: Bergen | C43: 3400351660 | D43: borough | E43: unvisited | F43: 0 | G43: 0 | H43: 0 | I43: 0 | J43: 0 | K43: https://en.wikipedia.org/wiki/New_Milford,_New_Jersey | L43: 0 | M43: 0 | N43: 0 | O43: 0 | P43: 0 | Q43: 0 | R43: 0 | S43: 0 | T43: 0 | U43: 0 | V43: 0 | W43: 0 | X43: 0 | Y43: 0 | Z43: 0 | AA43: 0 | AB43: 0 | AC43: 0 | AD43: 0 | AE43: 0 | AF43: 0 | AG43: 0 | AH43: 0 | AI43: 0 | AJ43: 0 | AK43: 0 | AL43: 0 | AM43: 0 | AN43: 0 | AO43: 0 | AP43: 0 | AQ43: 0 | AR43: 0 | AS43: 0 | AT43: 0 | AU43: 0
A44: North Arlington | B44: Bergen | C44: 3400352320 | D44: borough | E44: queued | F44: 148 | G44: Pizzaland | H44: 2023-11-26 | I44: Pizza Land | J44: https://www.pizzalandnj.com/ | K44: https://en.wikipedia.org/wiki/North_Arlington,_New_Jersey | L44: 0 | M44: 0 | N44: 0 | O44: 0 | P44: 0 | Q44: 0 | R44: 0 | S44: 0 | T44: 0 | U44: 0 | V44: 0 | W44: 0 | X44: 0 | Y44: 0 | Z44: 0 | AA44: 0 | AB44: 0 | AC44: 0 | AD44: 0 | AE44: 0 | AF44: 0 | AG44: 0 | AH44: 0 | AI44: 0 | AJ44: 0 | AK44: 0 | AL44: 0 | AM44: 0 | AN44: 0 | AO44: 0 | AP44: 0 | AQ44: 0 | AR44: 0 | AS44: 0 | AT44: 0 | AU44: 0
A45: Northvale | B45: Bergen | C45: 3400353430 | D45: borough | E45: unvisited | F45: 0 | G45: 0 | H45: 0 | I45: 0 | J45: 0 | K45: https://en.wikipedia.org/wiki/Northvale,_New_Jersey | L45: 0 | M45: 0 | N45: 0 | O45: 0 | P45: 0 | Q45: 0 | R45: 0 | S45: 0 | T45: 0 | U45: 0 | V45: 0 | W45: 0 | X45: 0 | Y45: 0 | Z45: 0 | AA45: 0 | AB45: 0 | AC45: 0 | AD45: 0 | AE45: 0 | AF45: 0 | AG45: 0 | AH45: 0 | AI45: 0 | AJ45: 0 | AK45: 0 | AL45: 0 | AM45: 0 | AN45: 0 | AO45: 0 | AP45: 0 | AQ45: 0 | AR45: 0 | AS45: 0 | AT45: 0 | AU45: 0
A46: Norwood | B46: Bergen | C46: 3400353610 | D46: borough | E46: unvisited | F46: 0 | G46: 0 | H46: 0 | I46: 0 | J46: 0 | K46: https://en.wikipedia.org/wiki/Norwood,_New_Jersey | L46: 0 | M46: 0 | N46: 0 | O46: 0 | P46: 0 | Q46: 0 | R46: 0 | S46: 0 | T46: 0 | U46: 0 | V46: 0 | W46: 0 | X46: 0 | Y46: 0 | Z46: 0 | AA46: 0 | AB46: 0 | AC46: 0 | AD46: 0 | AE46: 0 | AF46: 0 | AG46: 0 | AH46: 0 | AI46: 0 | AJ46: 0 | AK46: 0 | AL46: 0 | AM46: 0 | AN46: 0 | AO46: 0 | AP46: 0 | AQ46: 0 | AR46: 0 | AS46: 0 | AT46: 0 | AU46: 0
A47: Oakland | B47: Bergen | C47: 3400353850 | D47: borough | E47: unvisited | F47: 0 | G47: 0 | H47: 0 | I47: 0 | J47: 0 | K47: https://en.wikipedia.org/wiki/Oakland,_New_Jersey | L47: 0 | M47: 0 | N47: 0 | O47: 0 | P47: 0 | Q47: 0 | R47: 0 | S47: 0 | T47: 0 | U47: 0 | V47: 0 | W47: 0 | X47: 0 | Y47: 0 | Z47: 0 | AA47: 0 | AB47: 0 | AC47: 0 | AD47: 0 | AE47: 0 | AF47: 0 | AG47: 0 | AH47: 0 | AI47: 0 | AJ47: 0 | AK47: 0 | AL47: 0 | AM47: 0 | AN47: 0 | AO47: 0 | AP47: 0 | AQ47: 0 | AR47: 0 | AS47: 0 | AT47: 0 | AU47: 0
A48: Old Tappan | B48: Bergen | C48: 3400354870 | D48: borough | E48: unvisited | F48: 0 | G48: 0 | H48: 0 | I48: 0 | J48: 0 | K48: https://en.wikipedia.org/wiki/Old_Tappan,_New_Jersey | L48: 0 | M48: 0 | N48: 0 | O48: 0 | P48: 0 | Q48: 0 | R48: 0 | S48: 0 | T48: 0 | U48: 0 | V48: 0 | W48: 0 | X48: 0 | Y48: 0 | Z48: 0 | AA48: 0 | AB48: 0 | AC48: 0 | AD48: 0 | AE48: 0 | AF48: 0 | AG48: 0 | AH48: 0 | AI48: 0 | AJ48: 0 | AK48: 0 | AL48: 0 | AM48: 0 | AN48: 0 | AO48: 0 | AP48: 0 | AQ48: 0 | AR48: 0 | AS48: 0 | AT48: 0 | AU48: 0
A49: Oradell | B49: Bergen | C49: 3400354990 | D49: borough | E49: unvisited | F49: 0 | G49: 0 | H49: 0 | I49: 0 | J49: 0 | K49: https://en.wikipedia.org/wiki/Oradell,_New_Jersey | L49: 0 | M49: 0 | N49: 0 | O49: 0 | P49: 0 | Q49: 0 | R49: 0 | S49: 0 | T49: 0 | U49: 0 | V49: 0 | W49: 0 | X49: 0 | Y49: 0 | Z49: 0 | AA49: 0 | AB49: 0 | AC49: 0 | AD49: 0 | AE49: 0 | AF49: 0 | AG49: 0 | AH49: 0 | AI49: 0 | AJ49: 0 | AK49: 0 | AL49: 0 | AM49: 0 | AN49: 0 | AO49: 0 | AP49: 0 | AQ49: 0 | AR49: 0 | AS49: 0 | AT49: 0 | AU49: 0
A50: Palisades Park | B50: Bergen | C50: 3400355770 | D50: borough | E50: queued | F50: 179 | G50: Cafe Mocha | H50: 2024-02-17 | I50: 0 | J50: 0 | K50: https://en.wikipedia.org/wiki/Palisades_Park,_New_Jersey | L50: 0 | M50: 0 | N50: 0 | O50: 0 | P50: 0 | Q50: 0 | R50: 0 | S50: 0 | T50: 0 | U50: 0 | V50: 0 | W50: 0 | X50: 0 | Y50: 0 | Z50: 0 | AA50: 0 | AB50: 0 | AC50: 0 | AD50: 0 | AE50: 0 | AF50: 0 | AG50: 0 | AH50: 0 | AI50: 0 | AJ50: 0 | AK50: 0 | AL50: 0 | AM50: 0 | AN50: 0 | AO50: 0 | AP50: 0 | AQ50: 0 | AR50: 0 | AS50: 0 | AT50: 0 | AU50: 0
A51: Paramus | B51: Bergen | C51: 3400355950 | D51: borough | E51: unvisited | F51: 0 | G51: 0 | H51: 0 | I51: 0 | J51: 0 | K51: https://en.wikipedia.org/wiki/Paramus,_New_Jersey | L51: 0 | M51: 0 | N51: 0 | O51: 0 | P51: 0 | Q51: 0 | R51: 0 | S51: 0 | T51: 0 | U51: 0 | V51: 0 | W51: 0 | X51: 0 | Y51: 0 | Z51: 0 | AA51: 0 | AB51: 0 | AC51: 0 | AD51: 0 | AE51: 0 | AF51: 0 | AG51: 0 | AH51: 0 | AI51: 0 | AJ51: 0 | AK51: 0 | AL51: 0 | AM51: 0 | AN51: 0 | AO51: 0 | AP51: 0 | AQ51: 0 | AR51: 0 | AS51: 0 | AT51: 0 | AU51: 0
A52: Park Ridge | B52: Bergen | C52: 3400356130 | D52: borough | E52: unvisited | F52: 0 | G52: 0 | H52: 0 | I52: 0 | J52: 0 | K52: https://en.wikipedia.org/wiki/Park_Ridge,_New_Jersey | L52: 0 | M52: 0 | N52: 0 | O52: 0 | P52: 0 | Q52: 0 | R52: 0 | S52: 0 | T52: 0 | U52: 0 | V52: 0 | W52: 0 | X52: 0 | Y52: 0 | Z52: 0 | AA52: 0 | AB52: 0 | AC52: 0 | AD52: 0 | AE52: 0 | AF52: 0 | AG52: 0 | AH52: 0 | AI52: 0 | AJ52: 0 | AK52: 0 | AL52: 0 | AM52: 0 | AN52: 0 | AO52: 0 | AP52: 0 | AQ52: 0 | AR52: 0 | AS52: 0 | AT52: 0 | AU52: 0
A53: Ramsey | B53: Bergen | C53: 3400361680 | D53: borough | E53: queued | F53: 214 | G53: Varka Restaurant | H53: 2024-07-14 | I53: Varka Restaurant | J53: https://varkarestaurant.com/ | K53: https://en.wikipedia.org/wiki/Ramsey,_New_Jersey | L53: 0 | M53: 0 | N53: 0 | O53: 0 | P53: 0 | Q53: 0 | R53: 0 | S53: 0 | T53: 0 | U53: 0 | V53: 0 | W53: 0 | X53: 0 | Y53: 0 | Z53: 0 | AA53: 0 | AB53: 0 | AC53: 0 | AD53: 0 | AE53: 0 | AF53: 0 | AG53: 0 | AH53: 0 | AI53: 0 | AJ53: 0 | AK53: 0 | AL53: 0 | AM53: 0 | AN53: 0 | AO53: 0 | AP53: 0 | AQ53: 0 | AR53: 0 | AS53: 0 | AT53: 0 | AU53: 0
A54: Ridgefield | B54: Bergen | C54: 3400362910 | D54: borough | E54: unvisited | F54: 0 | G54: 0 | H54: 0 | I54: 0 | J54: 0 | K54: https://en.wikipedia.org/wiki/Ridgefield,_New_Jersey | L54: 0 | M54: 0 | N54: 0 | O54: 0 | P54: 0 | Q54: 0 | R54: 0 | S54: 0 | T54: 0 | U54: 0 | V54: 0 | W54: 0 | X54: 0 | Y54: 0 | Z54: 0 | AA54: 0 | AB54: 0 | AC54: 0 | AD54: 0 | AE54: 0 | AF54: 0 | AG54: 0 | AH54: 0 | AI54: 0 | AJ54: 0 | AK54: 0 | AL54: 0 | AM54: 0 | AN54: 0 | AO54: 0 | AP54: 0 | AQ54: 0 | AR54: 0 | AS54: 0 | AT54: 0 | AU54: 0
A55: Ridgefield Park | B55: Bergen | C55: 3400362940 | D55: village | E55: unvisited | F55: 0 | G55: 0 | H55: 0 | I55: 0 | J55: 0 | K55: https://en.wikipedia.org/wiki/Ridgefield_Park,_New_Jersey | L55: 0 | M55: 0 | N55: 0 | O55: 0 | P55: 0 | Q55: 0 | R55: 0 | S55: 0 | T55: 0 | U55: 0 | V55: 0 | W55: 0 | X55: 0 | Y55: 0 | Z55: 0 | AA55: 0 | AB55: 0 | AC55: 0 | AD55: 0 | AE55: 0 | AF55: 0 | AG55: 0 | AH55: 0 | AI55: 0 | AJ55: 0 | AK55: 0 | AL55: 0 | AM55: 0 | AN55: 0 | AO55: 0 | AP55: 0 | AQ55: 0 | AR55: 0 | AS55: 0 | AT55: 0 | AU55: 0
A56: Ridgewood | B56: Bergen | C56: 3400363000 | D56: village | E56: unvisited | F56: 0 | G56: 0 | H56: 0 | I56: 0 | J56: 0 | K56: https://en.wikipedia.org/wiki/Ridgewood,_New_Jersey | L56: 0 | M56: 0 | N56: 0 | O56: 0 | P56: 0 | Q56: 0 | R56: 0 | S56: 0 | T56: 0 | U56: 0 | V56: 0 | W56: 0 | X56: 0 | Y56: 0 | Z56: 0 | AA56: 0 | AB56: 0 | AC56: 0 | AD56: 0 | AE56: 0 | AF56: 0 | AG56: 0 | AH56: 0 | AI56: 0 | AJ56: 0 | AK56: 0 | AL56: 0 | AM56: 0 | AN56: 0 | AO56: 0 | AP56: 0 | AQ56: 0 | AR56: 0 | AS56: 0 | AT56: 0 | AU56: 0
A57: River Edge | B57: Bergen | C57: 3400363360 | D57: borough | E57: unvisited | F57: 0 | G57: 0 | H57: 0 | I57: 0 | J57: 0 | K57: https://en.wikipedia.org/wiki/River_Edge,_New_Jersey | L57: 0 | M57: 0 | N57: 0 | O57: 0 | P57: 0 | Q57: 0 | R57: 0 | S57: 0 | T57: 0 | U57: 0 | V57: 0 | W57: 0 | X57: 0 | Y57: 0 | Z57: 0 | AA57: 0 | AB57: 0 | AC57: 0 | AD57: 0 | AE57: 0 | AF57: 0 | AG57: 0 | AH57: 0 | AI57: 0 | AJ57: 0 | AK57: 0 | AL57: 0 | AM57: 0 | AN57: 0 | AO57: 0 | AP57: 0 | AQ57: 0 | AR57: 0 | AS57: 0 | AT57: 0 | AU57: 0
A58: River Vale | B58: Bergen | C58: 3400363690 | D58: township | E58: unvisited | F58: 0 | G58: 0 | H58: 0 | I58: 0 | J58: 0 | K58: https://en.wikipedia.org/wiki/River_Vale_Township,_New_Jersey | L58: 0 | M58: 0 | N58: 0 | O58: 0 | P58: 0 | Q58: 0 | R58: 0 | S58: 0 | T58: 0 | U58: 0 | V58: 0 | W58: 0 | X58: 0 | Y58: 0 | Z58: 0 | AA58: 0 | AB58: 0 | AC58: 0 | AD58: 0 | AE58: 0 | AF58: 0 | AG58: 0 | AH58: 0 | AI58: 0 | AJ58: 0 | AK58: 0 | AL58: 0 | AM58: 0 | AN58: 0 | AO58: 0 | AP58: 0 | AQ58: 0 | AR58: 0 | AS58: 0 | AT58: 0 | AU58: 0
A59: Rochelle Park | B59: Bergen | C59: 3400363990 | D59: township | E59: unvisited | F59: 0 | G59: 0 | H59: 0 | I59: 0 | J59: 0 | K59: https://en.wikipedia.org/wiki/Rochelle_Park_Township,_New_Jersey | L59: 0 | M59: 0 | N59: 0 | O59: 0 | P59: 0 | Q59: 0 | R59: 0 | S59: 0 | T59: 0 | U59: 0 | V59: 0 | W59: 0 | X59: 0 | Y59: 0 | Z59: 0 | AA59: 0 | AB59: 0 | AC59: 0 | AD59: 0 | AE59: 0 | AF59: 0 | AG59: 0 | AH59: 0 | AI59: 0 | AJ59: 0 | AK59: 0 | AL59: 0 | AM59: 0 | AN59: 0 | AO59: 0 | AP59: 0 | AQ59: 0 | AR59: 0 | AS59: 0 | AT59: 0 | AU59: 0
A60: Rockleigh | B60: Bergen | C60: 3400364170 | D60: borough | E60: unvisited | F60: 0 | G60: 0 | H60: 0 | I60: 0 | J60: 0 | K60: https://en.wikipedia.org/wiki/Rockleigh,_New_Jersey | L60: 0 | M60: 0 | N60: 0 | O60: 0 | P60: 0 | Q60: 0 | R60: 0 | S60: 0 | T60: 0 | U60: 0 | V60: 0 | W60: 0 | X60: 0 | Y60: 0 | Z60: 0 | AA60: 0 | AB60: 0 | AC60: 0 | AD60: 0 | AE60: 0 | AF60: 0 | AG60: 0 | AH60: 0 | AI60: 0 | AJ60: 0 | AK60: 0 | AL60: 0 | AM60: 0 | AN60: 0 | AO60: 0 | AP60: 0 | AQ60: 0 | AR60: 0 | AS60: 0 | AT60: 0 | AU60: 0
A61: Rutherford | B61: Bergen | C61: 3400365280 | D61: borough | E61: queued | F61: 261 | G61: Sonoma Bistro | H61: 2025-01-04 | I61: Sonoma Bistro | J61: https://sonomabistrorutherford.com/ | K61: https://en.wikipedia.org/wiki/Rutherford,_New_Jersey | L61: 0 | M61: 0 | N61: 0 | O61: 0 | P61: 0 | Q61: 0 | R61: 0 | S61: 0 | T61: 0 | U61: 0 | V61: 0 | W61: 0 | X61: 0 | Y61: 0 | Z61: 0 | AA61: 0 | AB61: 0 | AC61: 0 | AD61: 0 | AE61: 0 | AF61: 0 | AG61: 0 | AH61: 0 | AI61: 0 | AJ61: 0 | AK61: 0 | AL61: 0 | AM61: 0 | AN61: 0 | AO61: 0 | AP61: 0 | AQ61: 0 | AR61: 0 | AS61: 0 | AT61: 0 | AU61: 0
A62: Saddle Brook | B62: Bergen | C62: 3400365340 | D62: township | E62: unvisited | F62: 0 | G62: 0 | H62: 0 | I62: 0 | J62: 0 | K62: https://en.wikipedia.org/wiki/Saddle_Brook_Township,_New_Jersey | L62: 0 | M62: 0 | N62: 0 | O62: 0 | P62: 0 | Q62: 0 | R62: 0 | S62: 0 | T62: 0 | U62: 0 | V62: 0 | W62: 0 | X62: 0 | Y62: 0 | Z62: 0 | AA62: 0 | AB62: 0 | AC62: 0 | AD62: 0 | AE62: 0 | AF62: 0 | AG62: 0 | AH62: 0 | AI62: 0 | AJ62: 0 | AK62: 0 | AL62: 0 | AM62: 0 | AN62: 0 | AO62: 0 | AP62: 0 | AQ62: 0 | AR62: 0 | AS62: 0 | AT62: 0 | AU62: 0
A63: Saddle River | B63: Bergen | C63: 3400365400 | D63: borough | E63: unvisited | F63: 0 | G63: 0 | H63: 0 | I63: 0 | J63: 0 | K63: https://en.wikipedia.org/wiki/Saddle_River,_New_Jersey | L63: 0 | M63: 0 | N63: 0 | O63: 0 | P63: 0 | Q63: 0 | R63: 0 | S63: 0 | T63: 0 | U63: 0 | V63: 0 | W63: 0 | X63: 0 | Y63: 0 | Z63: 0 | AA63: 0 | AB63: 0 | AC63: 0 | AD63: 0 | AE63: 0 | AF63: 0 | AG63: 0 | AH63: 0 | AI63: 0 | AJ63: 0 | AK63: 0 | AL63: 0 | AM63: 0 | AN63: 0 | AO63: 0 | AP63: 0 | AQ63: 0 | AR63: 0 | AS63: 0 | AT63: 0 | AU63: 0
A64: South Hackensack | B64: Bergen | C64: 3400368970 | D64: township | E64: unvisited | F64: 0 | G64: 0 | H64: 0 | I64: 0 | J64: 0 | K64: https://en.wikipedia.org/wiki/South_Hackensack_Township,_New_Jersey | L64: 0 | M64: 0 | N64: 0 | O64: 0 | P64: 0 | Q64: 0 | R64: 0 | S64: 0 | T64: 0 | U64: 0 | V64: 0 | W64: 0 | X64: 0 | Y64: 0 | Z64: 0 | AA64: 0 | AB64: 0 | AC64: 0 | AD64: 0 | AE64: 0 | AF64: 0 | AG64: 0 | AH64: 0 | AI64: 0 | AJ64: 0 | AK64: 0 | AL64: 0 | AM64: 0 | AN64: 0 | AO64: 0 | AP64: 0 | AQ64: 0 | AR64: 0 | AS64: 0 | AT64: 0 | AU64: 0
A65: Teaneck | B65: Bergen | C65: 3400372360 | D65: township | E65: unvisited | F65: 0 | G65: 0 | H65: 0 | I65: 0 | J65: 0 | K65: https://en.wikipedia.org/wiki/Teaneck_Township,_New_Jersey | L65: 0 | M65: 0 | N65: 0 | O65: 0 | P65: 0 | Q65: 0 | R65: 0 | S65: 0 | T65: 0 | U65: 0 | V65: 0 | W65: 0 | X65: 0 | Y65: 0 | Z65: 0 | AA65: 0 | AB65: 0 | AC65: 0 | AD65: 0 | AE65: 0 | AF65: 0 | AG65: 0 | AH65: 0 | AI65: 0 | AJ65: 0 | AK65: 0 | AL65: 0 | AM65: 0 | AN65: 0 | AO65: 0 | AP65: 0 | AQ65: 0 | AR65: 0 | AS65: 0 | AT65: 0 | AU65: 0
A66: Tenafly | B66: Bergen | C66: 3400372420 | D66: borough | E66: unvisited | F66: 0 | G66: 0 | H66: 0 | I66: 0 | J66: 0 | K66: https://en.wikipedia.org/wiki/Tenafly,_New_Jersey | L66: 0 | M66: 0 | N66: 0 | O66: 0 | P66: 0 | Q66: 0 | R66: 0 | S66: 0 | T66: 0 | U66: 0 | V66: 0 | W66: 0 | X66: 0 | Y66: 0 | Z66: 0 | AA66: 0 | AB66: 0 | AC66: 0 | AD66: 0 | AE66: 0 | AF66: 0 | AG66: 0 | AH66: 0 | AI66: 0 | AJ66: 0 | AK66: 0 | AL66: 0 | AM66: 0 | AN66: 0 | AO66: 0 | AP66: 0 | AQ66: 0 | AR66: 0 | AS66: 0 | AT66: 0 | AU66: 0
A67: Teterboro | B67: Bergen | C67: 3400372480 | D67: borough | E67: unvisited | F67: 0 | G67: 0 | H67: 0 | I67: 0 | J67: 0 | K67: https://en.wikipedia.org/wiki/Teterboro,_New_Jersey | L67: 0 | M67: 0 | N67: 0 | O67: 0 | P67: 0 | Q67: 0 | R67: 0 | S67: 0 | T67: 0 | U67: 0 | V67: 0 | W67: 0 | X67: 0 | Y67: 0 | Z67: 0 | AA67: 0 | AB67: 0 | AC67: 0 | AD67: 0 | AE67: 0 | AF67: 0 | AG67: 0 | AH67: 0 | AI67: 0 | AJ67: 0 | AK67: 0 | AL67: 0 | AM67: 0 | AN67: 0 | AO67: 0 | AP67: 0 | AQ67: 0 | AR67: 0 | AS67: 0 | AT67: 0 | AU67: 0
A68: Upper Saddle River | B68: Bergen | C68: 3400375140 | D68: borough | E68: queued | F68: 240 | G68: Elmer's Deli Grill & Pizza | H68: 2024-10-14 | I68: Elmer's Country Store | J68: https://elmerscountrystore.com/ | K68: https://en.wikipedia.org/wiki/Upper_Saddle_River,_New_Jersey | L68: 0 | M68: 0 | N68: 0 | O68: 0 | P68: 0 | Q68: 0 | R68: 0 | S68: 0 | T68: 0 | U68: 0 | V68: 0 | W68: 0 | X68: 0 | Y68: 0 | Z68: 0 | AA68: 0 | AB68: 0 | AC68: 0 | AD68: 0 | AE68: 0 | AF68: 0 | AG68: 0 | AH68: 0 | AI68: 0 | AJ68: 0 | AK68: 0 | AL68: 0 | AM68: 0 | AN68: 0 | AO68: 0 | AP68: 0 | AQ68: 0 | AR68: 0 | AS68: 0 | AT68: 0 | AU68: 0
A69: Waldwick | B69: Bergen | C69: 3400376400 | D69: borough | E69: unvisited | F69: 0 | G69: 0 | H69: 0 | I69: 0 | J69: 0 | K69: https://en.wikipedia.org/wiki/Waldwick,_New_Jersey | L69: 0 | M69: 0 | N69: 0 | O69: 0 | P69: 0 | Q69: 0 | R69: 0 | S69: 0 | T69: 0 | U69: 0 | V69: 0 | W69: 0 | X69: 0 | Y69: 0 | Z69: 0 | AA69: 0 | AB69: 0 | AC69: 0 | AD69: 0 | AE69: 0 | AF69: 0 | AG69: 0 | AH69: 0 | AI69: 0 | AJ69: 0 | AK69: 0 | AL69: 0 | AM69: 0 | AN69: 0 | AO69: 0 | AP69: 0 | AQ69: 0 | AR69: 0 | AS69: 0 | AT69: 0 | AU69: 0
A70: Wallington | B70: Bergen | C70: 3400376490 | D70: borough | E70: unvisited | F70: 0 | G70: 0 | H70: 0 | I70: 0 | J70: 0 | K70: https://en.wikipedia.org/wiki/Wallington,_New_Jersey | L70: 0 | M70: 0 | N70: 0 | O70: 0 | P70: 0 | Q70: 0 | R70: 0 | S70: 0 | T70: 0 | U70: 0 | V70: 0 | W70: 0 | X70: 0 | Y70: 0 | Z70: 0 | AA70: 0 | AB70: 0 | AC70: 0 | AD70: 0 | AE70: 0 | AF70: 0 | AG70: 0 | AH70: 0 | AI70: 0 | AJ70: 0 | AK70: 0 | AL70: 0 | AM70: 0 | AN70: 0 | AO70: 0 | AP70: 0 | AQ70: 0 | AR70: 0 | AS70: 0 | AT70: 0 | AU70: 0
A71: Washington | B71: Bergen | C71: 3400377135 | D71: township | E71: unvisited | F71: 0 | G71: 0 | H71: 0 | I71: 0 | J71: 0 | K71: https://en.wikipedia.org/wiki/Washington_Township,_Bergen_County,_New_Jersey | L71: 0 | M71: 0 | N71: 0 | O71: 0 | P71: 0 | Q71: 0 | R71: 0 | S71: 0 | T71: 0 | U71: 0 | V71: 0 | W71: 0 | X71: 0 | Y71: 0 | Z71: 0 | AA71: 0 | AB71: 0 | AC71: 0 | AD71: 0 | AE71: 0 | AF71: 0 | AG71: 0 | AH71: 0 | AI71: 0 | AJ71: 0 | AK71: 0 | AL71: 0 | AM71: 0 | AN71: 0 | AO71: 0 | AP71: 0 | AQ71: 0 | AR71: 0 | AS71: 0 | AT71: 0 | AU71: 0
A72: Westwood | B72: Bergen | C72: 3400380270 | D72: borough | E72: unvisited | F72: 0 | G72: 0 | H72: 0 | I72: 0 | J72: 0 | K72: https://en.wikipedia.org/wiki/Westwood,_New_Jersey | L72: 0 | M72: 0 | N72: 0 | O72: 0 | P72: 0 | Q72: 0 | R72: 0 | S72: 0 | T72: 0 | U72: 0 | V72: 0 | W72: 0 | X72: 0 | Y72: 0 | Z72: 0 | AA72: 0 | AB72: 0 | AC72: 0 | AD72: 0 | AE72: 0 | AF72: 0 | AG72: 0 | AH72: 0 | AI72: 0 | AJ72: 0 | AK72: 0 | AL72: 0 | AM72: 0 | AN72: 0 | AO72: 0 | AP72: 0 | AQ72: 0 | AR72: 0 | AS72: 0 | AT72: 0 | AU72: 0
A73: Wood-Ridge | B73: Bergen | C73: 3400382570 | D73: borough | E73: unvisited | F73: 0 | G73: 0 | H73: 0 | I73: 0 | J73: 0 | K73: https://en.wikipedia.org/wiki/Wood-Ridge,_New_Jersey | L73: 0 | M73: 0 | N73: 0 | O73: 0 | P73: 0 | Q73: 0 | R73: 0 | S73: 0 | T73: 0 | U73: 0 | V73: 0 | W73: 0 | X73: 0 | Y73: 0 | Z73: 0 | AA73: 0 | AB73: 0 | AC73: 0 | AD73: 0 | AE73: 0 | AF73: 0 | AG73: 0 | AH73: 0 | AI73: 0 | AJ73: 0 | AK73: 0 | AL73: 0 | AM73: 0 | AN73: 0 | AO73: 0 | AP73: 0 | AQ73: 0 | AR73: 0 | AS73: 0 | AT73: 0 | AU73: 0
A74: Woodcliff Lake | B74: Bergen | C74: 3400382300 | D74: borough | E74: unvisited | F74: 0 | G74: 0 | H74: 0 | I74: 0 | J74: 0 | K74: https://en.wikipedia.org/wiki/Woodcliff_Lake,_New_Jersey | L74: 0 | M74: 0 | N74: 0 | O74: 0 | P74: 0 | Q74: 0 | R74: 0 | S74: 0 | T74: 0 | U74: 0 | V74: 0 | W74: 0 | X74: 0 | Y74: 0 | Z74: 0 | AA74: 0 | AB74: 0 | AC74: 0 | AD74: 0 | AE74: 0 | AF74: 0 | AG74: 0 | AH74: 0 | AI74: 0 | AJ74: 0 | AK74: 0 | AL74: 0 | AM74: 0 | AN74: 0 | AO74: 0 | AP74: 0 | AQ74: 0 | AR74: 0 | AS74: 0 | AT74: 0 | AU74: 0
A75: Wyckoff | B75: Bergen | C75: 3400383050 | D75: township | E75: unvisited | F75: 0 | G75: 0 | H75: 0 | I75: 0 | J75: 0 | K75: https://en.wikipedia.org/wiki/Wyckoff_Township,_New_Jersey | L75: 0 | M75: 0 | N75: 0 | O75: 0 | P75: 0 | Q75: 0 | R75: 0 | S75: 0 | T75: 0 | U75: 0 | V75: 0 | W75: 0 | X75: 0 | Y75: 0 | Z75: 0 | AA75: 0 | AB75: 0 | AC75: 0 | AD75: 0 | AE75: 0 | AF75: 0 | AG75: 0 | AH75: 0 | AI75: 0 | AJ75: 0 | AK75: 0 | AL75: 0 | AM75: 0 | AN75: 0 | AO75: 0 | AP75: 0 | AQ75: 0 | AR75: 0 | AS75: 0 | AT75: 0 | AU75: 0

Sheet Burlington
A1: Burlington County
A2: Total Towns | B2: =COUNTIF(Data!B$3:B$602,"Burlington") -> 40 | C2: Visited | D2: =COUNTIFS(Data!B$3:B$602,"Burlington",Data!E3:E602,"visited")+COUNTIFS(Data!B$3:B$602,"Burlington",Data!E3:E602,"queued")+COUNTIFS(Data!B$3:B$602,"Burlington",Data!E3:E602,"pre-challenge") -> 20 | E2: To Go | F2: =B2-D2 -> 20
A4: MUNICIPALITY | E4: VISIT DATA | I4: RESTAURANT LINK | K4: WIKIPEDIA | L4: INSTAGRAM | P4: TIKTOK | T4: YOUTUBE | X4: THREADS | AB4: BLUESKY | AF4: FACEBOOK | AJ4: EXTRA / OVERFLOW LINKS
A5: name | B5: county | C5: geoid | D5: townType | E5: status | F5: visitNumber | G5: restaurantName | H5: dateVisited | I5: restaurant_label | J5: restaurant_url | K5: wikipedia_url | L5: instagram1_label | M5: instagram1_url | N5: instagram2_label | O5: instagram2_url | P5: tiktok1_label | Q5: tiktok1_url | R5: tiktok2_label | S5: tiktok2_url | T5: youtube1_label | U5: youtube1_url | V5: youtube2_label | W5: youtube2_url | X5: threads1_label | Y5: threads1_url | Z5: threads2_label | AA5: threads2_url | AB5: bluesky1_label | AC5: bluesky1_url | AD5: bluesky2_label | AE5: bluesky2_url | AF5: facebook1_label | AG5: facebook1_url | AH5: facebook2_label | AI5: facebook2_url | AJ5: extra1_category | AK5: extra1_platform | AL5: extra1_label | AM5: extra1_url | AN5: extra2_category | AO5: extra2_platform | AP5: extra2_label | AQ5: extra2_url | AR5: extra3_category | AS5: extra3_platform | AT5: extra3_label | AU5: extra3_url
A6: {=_xlfn._xlws.FILTER(Data!A$3:AU$602,Data!B$3:B$602="Burlington","")} -> Bass River | B6: Burlington | C6: 3400503370 | D6: township | E6: queued | F6: 224 | G6: Sad Boyz | H6: 45529 | I6: Sad Boyz | J6: https://sadboyzbites.com/ | K6: https://en.wikipedia.org/wiki/Bass_River_Township,_New_Jersey | L6: 0 | M6: 0 | N6: 0 | O6: 0 | P6: 0 | Q6: 0 | R6: 0 | S6: 0 | T6: 0 | U6: 0 | V6: 0 | W6: 0 | X6: 0 | Y6: 0 | Z6: 0 | AA6: 0 | AB6: 0 | AC6: 0 | AD6: 0 | AE6: 0 | AF6: 0 | AG6: 0 | AH6: 0 | AI6: 0 | AJ6: 0 | AK6: 0 | AL6: 0 | AM6: 0 | AN6: 0 | AO6: 0 | AP6: 0 | AQ6: 0 | AR6: 0 | AS6: 0 | AT6: 0 | AU6: 0
A7: Beverly | B7: Burlington | C7: 3400505740 | D7: city | E7: queued | F7: 248 | G7: Taco Birria | H7: 45613 | I7: Taco Birria | J7: 0 | K7: https://en.wikipedia.org/wiki/Beverly,_New_Jersey | L7: 0 | M7: 0 | N7: 0 | O7: 0 | P7: 0 | Q7: 0 | R7: 0 | S7: 0 | T7: 0 | U7: 0 | V7: 0 | W7: 0 | X7: 0 | Y7: 0 | Z7: 0 | AA7: 0 | AB7: 0 | AC7: 0 | AD7: 0 | AE7: 0 | AF7: 0 | AG7: 0 | AH7: 0 | AI7: 0 | AJ7: 0 | AK7: 0 | AL7: 0 | AM7: 0 | AN7: 0 | AO7: 0 | AP7: 0 | AQ7: 0 | AR7: 0 | AS7: 0 | AT7: 0 | AU7: 0
A8: Bordentown | B8: Burlington | C8: 3400506670 | D8: city | E8: visited | F8: 130 | G8: Marcello's | H8: 45221 | I8: Marcello's | J8: https://marcellosbordentown.com/ | K8: https://en.wikipedia.org/wiki/Bordentown,_New_Jersey | L8: NJ Town #130: Bordentown City | M8: https://www.instagram.com/p/DZFgLddRvHt/ | N8: 0 | O8: 0 | P8: 0 | Q8: 0 | R8: 0 | S8: 0 | T8: 0 | U8: 0 | V8: 0 | W8: 0 | X8: 0 | Y8: 0 | Z8: 0 | AA8: 0 | AB8: 0 | AC8: 0 | AD8: 0 | AE8: 0 | AF8: NJ Town #130: Bordentown City | AG8: https://www.facebook.com/share/r/1BYX7yi85z/ | AH8: 0 | AI8: 0 | AJ8: 0 | AK8: 0 | AL8: 0 | AM8: 0 | AN8: 0 | AO8: 0 | AP8: 0 | AQ8: 0 | AR8: 0 | AS8: 0 | AT8: 0 | AU8: 0
A9: Bordentown | B9: Burlington | C9: 3400506700 | D9: township | E9: unvisited | F9: 0 | G9: 0 | H9: 0 | I9: 0 | J9: 0 | K9: https://en.wikipedia.org/wiki/Bordentown_Township,_New_Jersey | L9: 0 | M9: 0 | N9: 0 | O9: 0 | P9: 0 | Q9: 0 | R9: 0 | S9: 0 | T9: 0 | U9: 0 | V9: 0 | W9: 0 | X9: 0 | Y9: 0 | Z9: 0 | AA9: 0 | AB9: 0 | AC9: 0 | AD9: 0 | AE9: 0 | AF9: 0 | AG9: 0 | AH9: 0 | AI9: 0 | AJ9: 0 | AK9: 0 | AL9: 0 | AM9: 0 | AN9: 0 | AO9: 0 | AP9: 0 | AQ9: 0 | AR9: 0 | AS9: 0 | AT9: 0 | AU9: 0
A10: Burlington | B10: Burlington | C10: 3400508920 | D10: city | E10: queued | F10: 247 | G10: The Union House | H10: 45613 | I10: The Union House | J10: https://www.unionhouseburlington.com/ | K10: https://en.wikipedia.org/wiki/Burlington,_New_Jersey | L10: 0 | M10: 0 | N10: 0 | O10: 0 | P10: 0 | Q10: 0 | R10: 0 | S10: 0 | T10: 0 | U10: 0 | V10: 0 | W10: 0 | X10: 0 | Y10: 0 | Z10: 0 | AA10: 0 | AB10: 0 | AC10: 0 | AD10: 0 | AE10: 0 | AF10: 0 | AG10: 0 | AH10: 0 | AI10: 0 | AJ10: 0 | AK10: 0 | AL10: 0 | AM10: 0 | AN10: 0 | AO10: 0 | AP10: 0 | AQ10: 0 | AR10: 0 | AS10: 0 | AT10: 0 | AU10: 0
A11: Burlington | B11: Burlington | C11: 3400508950 | D11: township | E11: unvisited | F11: 0 | G11: 0 | H11: 0 | I11: 0 | J11: 0 | K11: https://en.wikipedia.org/wiki/Burlington_Township,_New_Jersey | L11: 0 | M11: 0 | N11: 0 | O11: 0 | P11: 0 | Q11: 0 | R11: 0 | S11: 0 | T11: 0 | U11: 0 | V11: 0 | W11: 0 | X11: 0 | Y11: 0 | Z11: 0 | AA11: 0 | AB11: 0 | AC11: 0 | AD11: 0 | AE11: 0 | AF11: 0 | AG11: 0 | AH11: 0 | AI11: 0 | AJ11: 0 | AK11: 0 | AL11: 0 | AM11: 0 | AN11: 0 | AO11: 0 | AP11: 0 | AQ11: 0 | AR11: 0 | AS11: 0 | AT11: 0 | AU11: 0
A12: Chesterfield | B12: Burlington | C12: 3400512670 | D12: township | E12: unvisited | F12: 0 | G12: 0 | H12: 0 | I12: 0 | J12: 0 | K12: https://en.wikipedia.org/wiki/Chesterfield_Township,_New_Jersey | L12: 0 | M12: 0 | N12: 0 | O12: 0 | P12: 0 | Q12: 0 | R12: 0 | S12: 0 | T12: 0 | U12: 0 | V12: 0 | W12: 0 | X12: 0 | Y12: 0 | Z12: 0 | AA12: 0 | AB12: 0 | AC12: 0 | AD12: 0 | AE12: 0 | AF12: 0 | AG12: 0 | AH12: 0 | AI12: 0 | AJ12: 0 | AK12: 0 | AL12: 0 | AM12: 0 | AN12: 0 | AO12: 0 | AP12: 0 | AQ12: 0 | AR12: 0 | AS12: 0 | AT12: 0 | AU12: 0
A13: Cinnaminson | B13: Burlington | C13: 3400512940 | D13: township | E13: queued | F13: 265 | G13: Hibachi Grill & Supreme Buffet | H13: 45654 | I13: Hibachi Grill & Supreme Buffet | J13: http://www.hgsupremebuffet.com/ | K13: https://en.wikipedia.org/wiki/Cinnaminson_Township,_New_Jersey | L13: 0 | M13: 0 | N13: 0 | O13: 0 | P13: 0 | Q13: 0 | R13: 0 | S13: 0 | T13: 0 | U13: 0 | V13: 0 | W13: 0 | X13: 0 | Y13: 0 | Z13: 0 | AA13: 0 | AB13: 0 | AC13: 0 | AD13: 0 | AE13: 0 | AF13: 0 | AG13: 0 | AH13: 0 | AI13: 0 | AJ13: 0 | AK13: 0 | AL13: 0 | AM13: 0 | AN13: 0 | AO13: 0 | AP13: 0 | AQ13: 0 | AR13: 0 | AS13: 0 | AT13: 0 | AU13: 0
A14: Delanco | B14: Burlington | C14: 3400517080 | D14: township | E14: unvisited | F14: 0 | G14: 0 | H14: 0 | I14: 0 | J14: 0 | K14: https://en.wikipedia.org/wiki/Delanco_Township,_New_Jersey | L14: 0 | M14: 0 | N14: 0 | O14: 0 | P14: 0 | Q14: 0 | R14: 0 | S14: 0 | T14: 0 | U14: 0 | V14: 0 | W14: 0 | X14: 0 | Y14: 0 | Z14: 0 | AA14: 0 | AB14: 0 | AC14: 0 | AD14: 0 | AE14: 0 | AF14: 0 | AG14: 0 | AH14: 0 | AI14: 0 | AJ14: 0 | AK14: 0 | AL14: 0 | AM14: 0 | AN14: 0 | AO14: 0 | AP14: 0 | AQ14: 0 | AR14: 0 | AS14: 0 | AT14: 0 | AU14: 0
A15: Delran | B15: Burlington | C15: 3400517440 | D15: township | E15: unvisited | F15: 0 | G15: 0 | H15: 0 | I15: 0 | J15: 0 | K15: https://en.wikipedia.org/wiki/Delran_Township,_New_Jersey | L15: 0 | M15: 0 | N15: 0 | O15: 0 | P15: 0 | Q15: 0 | R15: 0 | S15: 0 | T15: 0 | U15: 0 | V15: 0 | W15: 0 | X15: 0 | Y15: 0 | Z15: 0 | AA15: 0 | AB15: 0 | AC15: 0 | AD15: 0 | AE15: 0 | AF15: 0 | AG15: 0 | AH15: 0 | AI15: 0 | AJ15: 0 | AK15: 0 | AL15: 0 | AM15: 0 | AN15: 0 | AO15: 0 | AP15: 0 | AQ15: 0 | AR15: 0 | AS15: 0 | AT15: 0 | AU15: 0
A16: Eastampton | B16: Burlington | C16: 3400518790 | D16: township | E16: unvisited | F16: 0 | G16: 0 | H16: 0 | I16: 0 | J16: 0 | K16: https://en.wikipedia.org/wiki/Eastampton_Township,_New_Jersey | L16: 0 | M16: 0 | N16: 0 | O16: 0 | P16: 0 | Q16: 0 | R16: 0 | S16: 0 | T16: 0 | U16: 0 | V16: 0 | W16: 0 | X16: 0 | Y16: 0 | Z16: 0 | AA16: 0 | AB16: 0 | AC16: 0 | AD16: 0 | AE16: 0 | AF16: 0 | AG16: 0 | AH16: 0 | AI16: 0 | AJ16: 0 | AK16: 0 | AL16: 0 | AM16: 0 | AN16: 0 | AO16: 0 | AP16: 0 | AQ16: 0 | AR16: 0 | AS16: 0 | AT16: 0 | AU16: 0
A17: Edgewater Park | B17: Burlington | C17: 3400520050 | D17: township | E17: unvisited | F17: 0 | G17: 0 | H17: 0 | I17: 0 | J17: 0 | K17: https://en.wikipedia.org/wiki/Edgewater_Park_Township,_New_Jersey | L17: 0 | M17: 0 | N17: 0 | O17: 0 | P17: 0 | Q17: 0 | R17: 0 | S17: 0 | T17: 0 | U17: 0 | V17: 0 | W17: 0 | X17: 0 | Y17: 0 | Z17: 0 | AA17: 0 | AB17: 0 | AC17: 0 | AD17: 0 | AE17: 0 | AF17: 0 | AG17: 0 | AH17: 0 | AI17: 0 | AJ17: 0 | AK17: 0 | AL17: 0 | AM17: 0 | AN17: 0 | AO17: 0 | AP17: 0 | AQ17: 0 | AR17: 0 | AS17: 0 | AT17: 0 | AU17: 0
A18: Evesham | B18: Burlington | C18: 3400522110 | D18: township | E18: unvisited | F18: 0 | G18: 0 | H18: 0 | I18: 0 | J18: 0 | K18: https://en.wikipedia.org/wiki/Evesham_Township,_New_Jersey | L18: 0 | M18: 0 | N18: 0 | O18: 0 | P18: 0 | Q18: 0 | R18: 0 | S18: 0 | T18: 0 | U18: 0 | V18: 0 | W18: 0 | X18: 0 | Y18: 0 | Z18: 0 | AA18: 0 | AB18: 0 | AC18: 0 | AD18: 0 | AE18: 0 | AF18: 0 | AG18: 0 | AH18: 0 | AI18: 0 | AJ18: 0 | AK18: 0 | AL18: 0 | AM18: 0 | AN18: 0 | AO18: 0 | AP18: 0 | AQ18: 0 | AR18: 0 | AS18: 0 | AT18: 0 | AU18: 0
A19: Fieldsboro | B19: Burlington | C19: 3400523250 | D19: borough | E19: queued | F19: 263 | G19: Mario & Franks II | H19: 45682 | I19: Mario & Franks II | J19: https://www.marioandfranks.com/ | K19: https://en.wikipedia.org/wiki/Fieldsboro,_New_Jersey | L19: 0 | M19: 0 | N19: 0 | O19: 0 | P19: 0 | Q19: 0 | R19: 0 | S19: 0 | T19: 0 | U19: 0 | V19: 0 | W19: 0 | X19: 0 | Y19: 0 | Z19: 0 | AA19: 0 | AB19: 0 | AC19: 0 | AD19: 0 | AE19: 0 | AF19: 0 | AG19: 0 | AH19: 0 | AI19: 0 | AJ19: 0 | AK19: 0 | AL19: 0 | AM19: 0 | AN19: 0 | AO19: 0 | AP19: 0 | AQ19: 0 | AR19: 0 | AS19: 0 | AT19: 0 | AU19: 0
A20: Florence | B20: Burlington | C20: 3400523850 | D20: township | E20: pre-challenge | F20: 0 | G20: Friends' House - Birthday Party | H20: 45073 | I20: 0 | J20: 0 | K20: https://en.wikipedia.org/wiki/Florence_Township,_New_Jersey | L20: 0 | M20: 0 | N20: 0 | O20: 0 | P20: 0 | Q20: 0 | R20: 0 | S20: 0 | T20: 0 | U20: 0 | V20: 0 | W20: 0 | X20: 0 | Y20: 0 | Z20: 0 | AA20: 0 | AB20: 0 | AC20: 0 | AD20: 0 | AE20: 0 | AF20: 0 | AG20: 0 | AH20: 0 | AI20: 0 | AJ20: 0 | AK20: 0 | AL20: 0 | AM20: 0 | AN20: 0 | AO20: 0 | AP20: 0 | AQ20: 0 | AR20: 0 | AS20: 0 | AT20: 0 | AU20: 0
A21: Hainesport | B21: Burlington | C21: 3400529010 | D21: township | E21: visited | F21: 115 | G21: Lillo's Tomato Pies | H21: 45178 | I21: Lillo's Tomato Pies | J21: https://lillostomatopies.com/ | K21: https://en.wikipedia.org/wiki/Hainesport_Township,_New_Jersey | L21: NJ Town #115: Hainesport | M21: https://www.instagram.com/p/DKQs2ySxUEk/ | N21: 0 | O21: 0 | P21: 0 | Q21: 0 | R21: 0 | S21: 0 | T21: 0 | U21: 0 | V21: 0 | W21: 0 | X21: 0 | Y21: 0 | Z21: 0 | AA21: 0 | AB21: 0 | AC21: 0 | AD21: 0 | AE21: 0 | AF21: NJ Town #115: Hainesport | AG21: https://www.facebook.com/reel/3551711418468987 | AH21: 0 | AI21: 0 | AJ21: 0 | AK21: 0 | AL21: Town #115 | AM21: https://www.instagram.com/p/DKQs2ySxUEk/ | AN21: 0 | AO21: 0 | AP21: 0 | AQ21: 0 | AR21: 0 | AS21: 0 | AT21: 0 | AU21: 0
A22: Lumberton | B22: Burlington | C22: 3400542060 | D22: township | E22: unvisited | F22: 0 | G22: 0 | H22: 0 | I22: 0 | J22: 0 | K22: https://en.wikipedia.org/wiki/Lumberton_Township,_New_Jersey | L22: 0 | M22: 0 | N22: 0 | O22: 0 | P22: 0 | Q22: 0 | R22: 0 | S22: 0 | T22: 0 | U22: 0 | V22: 0 | W22: 0 | X22: 0 | Y22: 0 | Z22: 0 | AA22: 0 | AB22: 0 | AC22: 0 | AD22: 0 | AE22: 0 | AF22: 0 | AG22: 0 | AH22: 0 | AI22: 0 | AJ22: 0 | AK22: 0 | AL22: 0 | AM22: 0 | AN22: 0 | AO22: 0 | AP22: 0 | AQ22: 0 | AR22: 0 | AS22: 0 | AT22: 0 | AU22: 0
A23: Mansfield | B23: Burlington | C23: 3400543290 | D23: township | E23: unvisited | F23: 0 | G23: 0 | H23: 0 | I23: 0 | J23: 0 | K23: https://en.wikipedia.org/wiki/Mansfield_Township,_Burlington_County,_New_Jersey | L23: 0 | M23: 0 | N23: 0 | O23: 0 | P23: 0 | Q23: 0 | R23: 0 | S23: 0 | T23: 0 | U23: 0 | V23: 0 | W23: 0 | X23: 0 | Y23: 0 | Z23: 0 | AA23: 0 | AB23: 0 | AC23: 0 | AD23: 0 | AE23: 0 | AF23: 0 | AG23: 0 | AH23: 0 | AI23: 0 | AJ23: 0 | AK23: 0 | AL23: 0 | AM23: 0 | AN23: 0 | AO23: 0 | AP23: 0 | AQ23: 0 | AR23: 0 | AS23: 0 | AT23: 0 | AU23: 0
A24: Maple Shade | B24: Burlington | C24: 3400543740 | D24: township | E24: unvisited | F24: 0 | G24: 0 | H24: 0 | I24: 0 | J24: 0 | K24: https://en.wikipedia.org/wiki/Maple_Shade_Township,_New_Jersey | L24: 0 | M24: 0 | N24: 0 | O24: 0 | P24: 0 | Q24: 0 | R24: 0 | S24: 0 | T24: 0 | U24: 0 | V24: 0 | W24: 0 | X24: 0 | Y24: 0 | Z24: 0 | AA24: 0 | AB24: 0 | AC24: 0 | AD24: 0 | AE24: 0 | AF24: 0 | AG24: 0 | AH24: 0 | AI24: 0 | AJ24: 0 | AK24: 0 | AL24: 0 | AM24: 0 | AN24: 0 | AO24: 0 | AP24: 0 | AQ24: 0 | AR24: 0 | AS24: 0 | AT24: 0 | AU24: 0
A25: Medford | B25: Burlington | C25: 3400545120 | D25: township | E25: unvisited | F25: 0 | G25: 0 | H25: 0 | I25: 0 | J25: 0 | K25: https://en.wikipedia.org/wiki/Medford_Township,_New_Jersey | L25: 0 | M25: 0 | N25: 0 | O25: 0 | P25: 0 | Q25: 0 | R25: 0 | S25: 0 | T25: 0 | U25: 0 | V25: 0 | W25: 0 | X25: 0 | Y25: 0 | Z25: 0 | AA25: 0 | AB25: 0 | AC25: 0 | AD25: 0 | AE25: 0 | AF25: 0 | AG25: 0 | AH25: 0 | AI25: 0 | AJ25: 0 | AK25: 0 | AL25: 0 | AM25: 0 | AN25: 0 | AO25: 0 | AP25: 0 | AQ25: 0 | AR25: 0 | AS25: 0 | AT25: 0 | AU25: 0
A26: Medford Lakes | B26: Burlington | C26: 3400545210 | D26: borough | E26: unvisited | F26: 0 | G26: 0 | H26: 0 | I26: 0 | J26: 0 | K26: https://en.wikipedia.org/wiki/Medford_Lakes,_New_Jersey | L26: 0 | M26: 0 | N26: 0 | O26: 0 | P26: 0 | Q26: 0 | R26: 0 | S26: 0 | T26: 0 | U26: 0 | V26: 0 | W26: 0 | X26: 0 | Y26: 0 | Z26: 0 | AA26: 0 | AB26: 0 | AC26: 0 | AD26: 0 | AE26: 0 | AF26: 0 | AG26: 0 | AH26: 0 | AI26: 0 | AJ26: 0 | AK26: 0 | AL26: 0 | AM26: 0 | AN26: 0 | AO26: 0 | AP26: 0 | AQ26: 0 | AR26: 0 | AS26: 0 | AT26: 0 | AU26: 0
A27: Moorestown | B27: Burlington | C27: 3400547880 | D27: township | E27: pre-challenge | F27: 0 | G27: Yard House | H27: 44592 | I27: Yard House | J27: https://www.yardhouse.com/ | K27: https://en.wikipedia.org/wiki/Moorestown_Township,_New_Jersey | L27: 0 | M27: 0 | N27: 0 | O27: 0 | P27: 0 | Q27: 0 | R27: 0 | S27: 0 | T27: 0 | U27: 0 | V27: 0 | W27: 0 | X27: 0 | Y27: 0 | Z27: 0 | AA27: 0 | AB27: 0 | AC27: 0 | AD27: 0 | AE27: 0 | AF27: 0 | AG27: 0 | AH27: 0 | AI27: 0 | AJ27: 0 | AK27: 0 | AL27: 0 | AM27: 0 | AN27: 0 | AO27: 0 | AP27: 0 | AQ27: 0 | AR27: 0 | AS27: 0 | AT27: 0 | AU27: 0
A28: Mount Holly | B28: Burlington | C28: 3400548900 | D28: township | E28: visited | F28: 114 | G28: B-Unos | H28: 45178 | I28: B-UNOS | J28: https://bunosbbb.com/bunosmtholly | K28: https://en.wikipedia.org/wiki/Mount_Holly_Township,_New_Jersey | L28: NJ Town #114: Mount Holly | M28: https://www.instagram.com/p/DJ7Gzp6xnp0/ | N28: 0 | O28: 0 | P28: 0 | Q28: 0 | R28: 0 | S28: 0 | T28: 0 | U28: 0 | V28: 0 | W28: 0 | X28: 0 | Y28: 0 | Z28: 0 | AA28: 0 | AB28: 0 | AC28: 0 | AD28: 0 | AE28: 0 | AF28: NJ Town #114: Mount Holly | AG28: https://www.facebook.com/reel/1132004315359798 | AH28: 0 | AI28: 0 | AJ28: 0 | AK28: 0 | AL28: Town #114 | AM28: https://www.instagram.com/p/DJ7Gzp6xnp0/ | AN28: 0 | AO28: 0 | AP28: 0 | AQ28: 0 | AR28: 0 | AS28: 0 | AT28: 0 | AU28: 0
A29: Mount Laurel | B29: Burlington | C29: 3400549020 | D29: township | E29: visited | F29: 116 | G29: Manila Cafe & Asian Mart | H29: 45178 | I29: 0 | J29: 0 | K29: https://en.wikipedia.org/wiki/Mount_Laurel_Township,_New_Jersey | L29: NJ Town #116: Mount Laurel | M29: https://www.instagram.com/p/DK18MMBRK3U/ | N29: 0 | O29: 0 | P29: 0 | Q29: 0 | R29: 0 | S29: 0 | T29: 0 | U29: 0 | V29: 0 | W29: 0 | X29: 0 | Y29: 0 | Z29: 0 | AA29: 0 | AB29: 0 | AC29: 0 | AD29: 0 | AE29: 0 | AF29: NJ Town #116: Mount Laurel | AG29: https://www.facebook.com/reel/2980026428868561 | AH29: 0 | AI29: 0 | AJ29: 0 | AK29: 0 | AL29: Town #116 | AM29: https://www.instagram.com/p/DK18MMBRK3U/ | AN29: 0 | AO29: 0 | AP29: 0 | AQ29: 0 | AR29: 0 | AS29: 0 | AT29: 0 | AU29: 0
A30: New Hanover | B30: Burlington | C30: 3400551510 | D30: township | E30: unvisited | F30: 0 | G30: 0 | H30: 0 | I30: 0 | J30: 0 | K30: https://en.wikipedia.org/wiki/New_Hanover_Township,_New_Jersey | L30: 0 | M30: 0 | N30: 0 | O30: 0 | P30: 0 | Q30: 0 | R30: 0 | S30: 0 | T30: 0 | U30: 0 | V30: 0 | W30: 0 | X30: 0 | Y30: 0 | Z30: 0 | AA30: 0 | AB30: 0 | AC30: 0 | AD30: 0 | AE30: 0 | AF30: 0 | AG30: 0 | AH30: 0 | AI30: 0 | AJ30: 0 | AK30: 0 | AL30: 0 | AM30: 0 | AN30: 0 | AO30: 0 | AP30: 0 | AQ30: 0 | AR30: 0 | AS30: 0 | AT30: 0 | AU30: 0
A31: North Hanover | B31: Burlington | C31: 3400553070 | D31: township | E31: unvisited | F31: 0 | G31: 0 | H31: 0 | I31: 0 | J31: 0 | K31: https://en.wikipedia.org/wiki/North_Hanover_Township,_New_Jersey | L31: 0 | M31: 0 | N31: 0 | O31: 0 | P31: 0 | Q31: 0 | R31: 0 | S31: 0 | T31: 0 | U31: 0 | V31: 0 | W31: 0 | X31: 0 | Y31: 0 | Z31: 0 | AA31: 0 | AB31: 0 | AC31: 0 | AD31: 0 | AE31: 0 | AF31: 0 | AG31: 0 | AH31: 0 | AI31: 0 | AJ31: 0 | AK31: 0 | AL31: 0 | AM31: 0 | AN31: 0 | AO31: 0 | AP31: 0 | AQ31: 0 | AR31: 0 | AS31: 0 | AT31: 0 | AU31: 0
A32: Palmyra | B32: Burlington | C32: 3400555800 | D32: borough | E32: unvisited | F32: 0 | G32: 0 | H32: 0 | I32: 0 | J32: 0 | K32: https://en.wikipedia.org/wiki/Palmyra,_New_Jersey | L32: 0 | M32: 0 | N32: 0 | O32: 0 | P32: 0 | Q32: 0 | R32: 0 | S32: 0 | T32: 0 | U32: 0 | V32: 0 | W32: 0 | X32: 0 | Y32: 0 | Z32: 0 | AA32: 0 | AB32: 0 | AC32: 0 | AD32: 0 | AE32: 0 | AF32: 0 | AG32: 0 | AH32: 0 | AI32: 0 | AJ32: 0 | AK32: 0 | AL32: 0 | AM32: 0 | AN32: 0 | AO32: 0 | AP32: 0 | AQ32: 0 | AR32: 0 | AS32: 0 | AT32: 0 | AU32: 0
A33: Pemberton | B33: Burlington | C33: 3400557480 | D33: borough | E33: queued | F33: 144 | G33: Burger King | H33: 45254 | I33: 0 | J33: 0 | K33: https://en.wikipedia.org/wiki/Pemberton,_New_Jersey | L33: 0 | M33: 0 | N33: 0 | O33: 0 | P33: 0 | Q33: 0 | R33: 0 | S33: 0 | T33: 0 | U33: 0 | V33: 0 | W33: 0 | X33: 0 | Y33: 0 | Z33: 0 | AA33: 0 | AB33: 0 | AC33: 0 | AD33: 0 | AE33: 0 | AF33: 0 | AG33: 0 | AH33: 0 | AI33: 0 | AJ33: 0 | AK33: 0 | AL33: 0 | AM33: 0 | AN33: 0 | AO33: 0 | AP33: 0 | AQ33: 0 | AR33: 0 | AS33: 0 | AT33: 0 | AU33: 0
A34: Pemberton | B34: Burlington | C34: 3400557510 | D34: township | E34: unvisited | F34: 0 | G34: 0 | H34: 0 | I34: 0 | J34: 0 | K34: https://en.wikipedia.org/wiki/Pemberton_Township,_New_Jersey | L34: 0 | M34: 0 | N34: 0 | O34: 0 | P34: 0 | Q34: 0 | R34: 0 | S34: 0 | T34: 0 | U34: 0 | V34: 0 | W34: 0 | X34: 0 | Y34: 0 | Z34: 0 | AA34: 0 | AB34: 0 | AC34: 0 | AD34: 0 | AE34: 0 | AF34: 0 | AG34: 0 | AH34: 0 | AI34: 0 | AJ34: 0 | AK34: 0 | AL34: 0 | AM34: 0 | AN34: 0 | AO34: 0 | AP34: 0 | AQ34: 0 | AR34: 0 | AS34: 0 | AT34: 0 | AU34: 0
A35: Riverside | B35: Burlington | C35: 3400563510 | D35: township | E35: unvisited | F35: 0 | G35: 0 | H35: 0 | I35: 0 | J35: 0 | K35: https://en.wikipedia.org/wiki/Riverside_Township,_New_Jersey | L35: 0 | M35: 0 | N35: 0 | O35: 0 | P35: 0 | Q35: 0 | R35: 0 | S35: 0 | T35: 0 | U35: 0 | V35: 0 | W35: 0 | X35: 0 | Y35: 0 | Z35: 0 | AA35: 0 | AB35: 0 | AC35: 0 | AD35: 0 | AE35: 0 | AF35: 0 | AG35: 0 | AH35: 0 | AI35: 0 | AJ35: 0 | AK35: 0 | AL35: 0 | AM35: 0 | AN35: 0 | AO35: 0 | AP35: 0 | AQ35: 0 | AR35: 0 | AS35: 0 | AT35: 0 | AU35: 0
A36: Riverton | B36: Burlington | C36: 3400563660 | D36: borough | E36: queued | F36: 286 | G36: The Early Bird | H36: 46119 | I36: The Early Bird | J36: https://www.earlybirdnj.com/ | K36: https://en.wikipedia.org/wiki/Riverton,_New_Jersey | L36: 0 | M36: 0 | N36: 0 | O36: 0 | P36: 0 | Q36: 0 | R36: 0 | S36: 0 | T36: 0 | U36: 0 | V36: 0 | W36: 0 | X36: 0 | Y36: 0 | Z36: 0 | AA36: 0 | AB36: 0 | AC36: 0 | AD36: 0 | AE36: 0 | AF36: 0 | AG36: 0 | AH36: 0 | AI36: 0 | AJ36: 0 | AK36: 0 | AL36: 0 | AM36: 0 | AN36: 0 | AO36: 0 | AP36: 0 | AQ36: 0 | AR36: 0 | AS36: 0 | AT36: 0 | AU36: 0
A37: Shamong | B37: Burlington | C37: 3400566810 | D37: township | E37: unvisited | F37: 0 | G37: 0 | H37: 0 | I37: 0 | J37: 0 | K37: https://en.wikipedia.org/wiki/Shamong_Township,_New_Jersey | L37: 0 | M37: 0 | N37: 0 | O37: 0 | P37: 0 | Q37: 0 | R37: 0 | S37: 0 | T37: 0 | U37: 0 | V37: 0 | W37: 0 | X37: 0 | Y37: 0 | Z37: 0 | AA37: 0 | AB37: 0 | AC37: 0 | AD37: 0 | AE37: 0 | AF37: 0 | AG37: 0 | AH37: 0 | AI37: 0 | AJ37: 0 | AK37: 0 | AL37: 0 | AM37: 0 | AN37: 0 | AO37: 0 | AP37: 0 | AQ37: 0 | AR37: 0 | AS37: 0 | AT37: 0 | AU37: 0
A38: Southampton | B38: Burlington | C38: 3400568610 | D38: township | E38: queued | F38: 262 | G38: Vincetown Diner | H38: 45682 | I38: Vincentown Diner | J38: https://vincentowndiner.com/ | K38: https://en.wikipedia.org/wiki/Southampton_Township,_New_Jersey | L38: 0 | M38: 0 | N38: 0 | O38: 0 | P38: 0 | Q38: 0 | R38: 0 | S38: 0 | T38: 0 | U38: 0 | V38: 0 | W38: 0 | X38: 0 | Y38: 0 | Z38: 0 | AA38: 0 | AB38: 0 | AC38: 0 | AD38: 0 | AE38: 0 | AF38: 0 | AG38: 0 | AH38: 0 | AI38: 0 | AJ38: 0 | AK38: 0 | AL38: 0 | AM38: 0 | AN38: 0 | AO38: 0 | AP38: 0 | AQ38: 0 | AR38: 0 | AS38: 0 | AT38: 0 | AU38: 0
A39: Springfield | B39: Burlington | C39: 3400569990 | D39: township | E39: queued | F39: 143 | G39: Pandora Diner | H39: 45254 | I39: Pandora Diner | J39: https://www.pandoradiner.com/ | K39: https://en.wikipedia.org/wiki/Springfield_Township,_Burlington_County,_New_Jersey | L39: 0 | M39: 0 | N39: 0 | O39: 0 | P39: 0 | Q39: 0 | R39: 0 | S39: 0 | T39: 0 | U39: 0 | V39: 0 | W39: 0 | X39: 0 | Y39: 0 | Z39: 0 | AA39: 0 | AB39: 0 | AC39: 0 | AD39: 0 | AE39: 0 | AF39: 0 | AG39: 0 | AH39: 0 | AI39: 0 | AJ39: 0 | AK39: 0 | AL39: 0 | AM39: 0 | AN39: 0 | AO39: 0 | AP39: 0 | AQ39: 0 | AR39: 0 | AS39: 0 | AT39: 0 | AU39: 0
A40: Tabernacle | B40: Burlington | C40: 3400572060 | D40: township | E40: queued | F40: 243 | G40: The Village Pub & Package Goods | H40: 45584 | I40: 0 | J40: 0 | K40: https://en.wikipedia.org/wiki/Tabernacle_Township,_New_Jersey | L40: 0 | M40: 0 | N40: 0 | O40: 0 | P40: 0 | Q40: 0 | R40: 0 | S40: 0 | T40: 0 | U40: 0 | V40: 0 | W40: 0 | X40: 0 | Y40: 0 | Z40: 0 | AA40: 0 | AB40: 0 | AC40: 0 | AD40: 0 | AE40: 0 | AF40: 0 | AG40: 0 | AH40: 0 | AI40: 0 | AJ40: 0 | AK40: 0 | AL40: 0 | AM40: 0 | AN40: 0 | AO40: 0 | AP40: 0 | AQ40: 0 | AR40: 0 | AS40: 0 | AT40: 0 | AU40: 0
A41: Washington | B41: Burlington | C41: 3400577150 | D41: township | E41: queued | F41: 225 | G41: JB's Lunch Box | H41: 45529 | I41: 0 | J41: 0 | K41: https://en.wikipedia.org/wiki/Washington_Township,_Burlington_County,_New_Jersey | L41: 0 | M41: 0 | N41: 0 | O41: 0 | P41: 0 | Q41: 0 | R41: 0 | S41: 0 | T41: 0 | U41: 0 | V41: 0 | W41: 0 | X41: 0 | Y41: 0 | Z41: 0 | AA41: 0 | AB41: 0 | AC41: 0 | AD41: 0 | AE41: 0 | AF41: 0 | AG41: 0 | AH41: 0 | AI41: 0 | AJ41: 0 | AK41: 0 | AL41: 0 | AM41: 0 | AN41: 0 | AO41: 0 | AP41: 0 | AQ41: 0 | AR41: 0 | AS41: 0 | AT41: 0 | AU41: 0
A42: Westampton | B42: Burlington | C42: 3400578200 | D42: township | E42: queued | F42: 270 | G42: The Q Spot | H42: 45782 | I42: The Q Spot | J42: https://theqspotnj.com/ | K42: https://en.wikipedia.org/wiki/Westampton_Township,_New_Jersey | L42: 0 | M42: 0 | N42: 0 | O42: 0 | P42: 0 | Q42: 0 | R42: 0 | S42: 0 | T42: 0 | U42: 0 | V42: 0 | W42: 0 | X42: 0 | Y42: 0 | Z42: 0 | AA42: 0 | AB42: 0 | AC42: 0 | AD42: 0 | AE42: 0 | AF42: 0 | AG42: 0 | AH42: 0 | AI42: 0 | AJ42: 0 | AK42: 0 | AL42: 0 | AM42: 0 | AN42: 0 | AO42: 0 | AP42: 0 | AQ42: 0 | AR42: 0 | AS42: 0 | AT42: 0 | AU42: 0
A43: Willingboro | B43: Burlington | C43: 3400581440 | D43: township | E43: visited | F43: 88 | G43: EFENDY Turkish Restaurant | H43: 45116 | I43: EFENDY Turkish Restaurant | J43: http://efendywillingboro.com/ | K43: https://en.wikipedia.org/wiki/Willingboro_Township,_New_Jersey | L43: NJ Town #88: Willingboro | M43: https://www.instagram.com/p/DCxn3puxCkK/?img_index=1 | N43: 0 | O43: 0 | P43: 0 | Q43: 0 | R43: 0 | S43: 0 | T43: 0 | U43: 0 | V43: 0 | W43: 0 | X43: 0 | Y43: 0 | Z43: 0 | AA43: 0 | AB43: 0 | AC43: 0 | AD43: 0 | AE43: 0 | AF43: NJ Town #88: Willingboro | AG43: https://www.facebook.com/permalink.php?story_fbid=pfbid0342NUrbgWYHmCaFQdN33ETkFzJ84LczVowMjBpdLKR24gFAx5FrcqmS9ftuHZrPTAl&id=61569640546791 | AH43: 0 | AI43: 0 | AJ43: 0 | AK43: 0 | AL43: Town #88 | AM43: https://www.instagram.com/p/DCxn3puxCkK/?img_index=1 | AN43: 0 | AO43: 0 | AP43: 0 | AQ43: 0 | AR43: 0 | AS43: 0 | AT43: 0 | AU43: 0
A44: Woodland | B44: Burlington | C44: 3400582420 | D44: township | E44: queued | F44: 242 | G44: Buzby's Eatery & General Store | H44: 45584 | I44: 0 | J44: 0 | K44: https://en.wikipedia.org/wiki/Woodland_Township,_New_Jersey | L44: 0 | M44: 0 | N44: 0 | O44: 0 | P44: 0 | Q44: 0 | R44: 0 | S44: 0 | T44: 0 | U44: 0 | V44: 0 | W44: 0 | X44: 0 | Y44: 0 | Z44: 0 | AA44: 0 | AB44: 0 | AC44: 0 | AD44: 0 | AE44: 0 | AF44: 0 | AG44: 0 | AH44: 0 | AI44: 0 | AJ44: 0 | AK44: 0 | AL44: 0 | AM44: 0 | AN44: 0 | AO44: 0 | AP44: 0 | AQ44: 0 | AR44: 0 | AS44: 0 | AT44: 0 | AU44: 0
A45: Wrightstown | B45: Burlington | C45: 3400582960 | D45: borough | E45: unvisited | F45: 0 | G45: 0 | H45: 0 | I45: 0 | J45: 0 | K45: https://en.wikipedia.org/wiki/Wrightstown,_New_Jersey | L45: 0 | M45: 0 | N45: 0 | O45: 0 | P45: 0 | Q45: 0 | R45: 0 | S45: 0 | T45: 0 | U45: 0 | V45: 0 | W45: 0 | X45: 0 | Y45: 0 | Z45: 0 | AA45: 0 | AB45: 0 | AC45: 0 | AD45: 0 | AE45: 0 | AF45: 0 | AG45: 0 | AH45: 0 | AI45: 0 | AJ45: 0 | AK45: 0 | AL45: 0 | AM45: 0 | AN45: 0 | AO45: 0 | AP45: 0 | AQ45: 0 | AR45: 0 | AS45: 0 | AT45: 0 | AU45: 0

Sheet Camden
A1: Camden County
A2: Total Towns | B2: =COUNTIF(Data!B$3:B$602,"Camden") -> 36 | C2: Visited | D2: =COUNTIFS(Data!B$3:B$602,"Camden",Data!E3:E602,"visited")+COUNTIFS(Data!B$3:B$602,"Camden",Data!E3:E602,"queued")+COUNTIFS(Data!B$3:B$602,"Camden",Data!E3:E602,"pre-challenge") -> 11 | E2: To Go | F2: =B2-D2 -> 25
A4: MUNICIPALITY | E4: VISIT DATA | I4: RESTAURANT LINK | K4: WIKIPEDIA | L4: INSTAGRAM | P4: TIKTOK | T4: YOUTUBE | X4: THREADS | AB4: BLUESKY | AF4: FACEBOOK | AJ4: EXTRA / OVERFLOW LINKS
A5: name | B5: county | C5: geoid | D5: townType | E5: status | F5: visitNumber | G5: restaurantName | H5: dateVisited | I5: restaurant_label | J5: restaurant_url | K5: wikipedia_url | L5: instagram1_label | M5: instagram1_url | N5: instagram2_label | O5: instagram2_url | P5: tiktok1_label | Q5: tiktok1_url | R5: tiktok2_label | S5: tiktok2_url | T5: youtube1_label | U5: youtube1_url | V5: youtube2_label | W5: youtube2_url | X5: threads1_label | Y5: threads1_url | Z5: threads2_label | AA5: threads2_url | AB5: bluesky1_label | AC5: bluesky1_url | AD5: bluesky2_label | AE5: bluesky2_url | AF5: facebook1_label | AG5: facebook1_url | AH5: facebook2_label | AI5: facebook2_url | AJ5: extra1_category | AK5: extra1_platform | AL5: extra1_label | AM5: extra1_url | AN5: extra2_category | AO5: extra2_platform | AP5: extra2_label | AQ5: extra2_url | AR5: extra3_category | AS5: extra3_platform | AT5: extra3_label | AU5: extra3_url
A6: {=_xlfn._xlws.FILTER(Data!A$3:AU$602,Data!B$3:B$602="Camden","")} -> Audubon | B6: Camden | C6: 3400702200 | D6: borough | E6: queued | F6: 283 | G6: Cafe Nitido | H6: 2025-12-31 | I6: Café Nitido | J6: 0 | K6: https://en.wikipedia.org/wiki/Audubon,_New_Jersey | L6: 0 | M6: 0 | N6: 0 | O6: 0 | P6: 0 | Q6: 0 | R6: 0 | S6: 0 | T6: 0 | U6: 0 | V6: 0 | W6: 0 | X6: 0 | Y6: 0 | Z6: 0 | AA6: 0 | AB6: 0 | AC6: 0 | AD6: 0 | AE6: 0 | AF6: 0 | AG6: 0 | AH6: 0 | AI6: 0 | AJ6: 0 | AK6: 0 | AL6: 0 | AM6: 0 | AN6: 0 | AO6: 0 | AP6: 0 | AQ6: 0 | AR6: 0 | AS6: 0 | AT6: 0 | AU6: 0
A7: Audubon Park | B7: Camden | C7: 3400702230 | D7: borough | E7: unvisited | F7: 0 | G7: 0 | H7: 0 | I7: 0 | J7: 0 | K7: https://en.wikipedia.org/wiki/Audubon_Park,_New_Jersey | L7: 0 | M7: 0 | N7: 0 | O7: 0 | P7: 0 | Q7: 0 | R7: 0 | S7: 0 | T7: 0 | U7: 0 | V7: 0 | W7: 0 | X7: 0 | Y7: 0 | Z7: 0 | AA7: 0 | AB7: 0 | AC7: 0 | AD7: 0 | AE7: 0 | AF7: 0 | AG7: 0 | AH7: 0 | AI7: 0 | AJ7: 0 | AK7: 0 | AL7: 0 | AM7: 0 | AN7: 0 | AO7: 0 | AP7: 0 | AQ7: 0 | AR7: 0 | AS7: 0 | AT7: 0 | AU7: 0
A8: Barrington | B8: Camden | C8: 3400703250 | D8: borough | E8: queued | F8: 275 | G8: Old Rail Bar | H8: 2025-06-16 | I8: Old Rail Tavern | J8: https://theoldrailtavern.com/ | K8: https://en.wikipedia.org/wiki/Barrington,_New_Jersey | L8: 0 | M8: 0 | N8: 0 | O8: 0 | P8: 0 | Q8: 0 | R8: 0 | S8: 0 | T8: 0 | U8: 0 | V8: 0 | W8: 0 | X8: 0 | Y8: 0 | Z8: 0 | AA8: 0 | AB8: 0 | AC8: 0 | AD8: 0 | AE8: 0 | AF8: 0 | AG8: 0 | AH8: 0 | AI8: 0 | AJ8: 0 | AK8: 0 | AL8: 0 | AM8: 0 | AN8: 0 | AO8: 0 | AP8: 0 | AQ8: 0 | AR8: 0 | AS8: 0 | AT8: 0 | AU8: 0
A9: Bellmawr | B9: Camden | C9: 3400704750 | D9: borough | E9: queued | F9: 137 | G9: Sakura Sushi & Hibachi | H9: 2023-11-05 | I9: Sakura Sushi & Hibachi | J9: https://bellmawrsakura.com/ | K9: https://en.wikipedia.org/wiki/Bellmawr,_New_Jersey | L9: 0 | M9: 0 | N9: 0 | O9: 0 | P9: 0 | Q9: 0 | R9: 0 | S9: 0 | T9: 0 | U9: 0 | V9: 0 | W9: 0 | X9: 0 | Y9: 0 | Z9: 0 | AA9: 0 | AB9: 0 | AC9: 0 | AD9: 0 | AE9: 0 | AF9: 0 | AG9: 0 | AH9: 0 | AI9: 0 | AJ9: 0 | AK9: 0 | AL9: 0 | AM9: 0 | AN9: 0 | AO9: 0 | AP9: 0 | AQ9: 0 | AR9: 0 | AS9: 0 | AT9: 0 | AU9: 0
A10: Berlin | B10: Camden | C10: 3400705440 | D10: borough | E10: unvisited | F10: 0 | G10: 0 | H10: 0 | I10: 0 | J10: 0 | K10: https://en.wikipedia.org/wiki/Berlin,_New_Jersey | L10: 0 | M10: 0 | N10: 0 | O10: 0 | P10: 0 | Q10: 0 | R10: 0 | S10: 0 | T10: 0 | U10: 0 | V10: 0 | W10: 0 | X10: 0 | Y10: 0 | Z10: 0 | AA10: 0 | AB10: 0 | AC10: 0 | AD10: 0 | AE10: 0 | AF10: 0 | AG10: 0 | AH10: 0 | AI10: 0 | AJ10: 0 | AK10: 0 | AL10: 0 | AM10: 0 | AN10: 0 | AO10: 0 | AP10: 0 | AQ10: 0 | AR10: 0 | AS10: 0 | AT10: 0 | AU10: 0
A11: Berlin | B11: Camden | C11: 3400705470 | D11: township | E11: unvisited | F11: 0 | G11: 0 | H11: 0 | I11: 0 | J11: 0 | K11: https://en.wikipedia.org/wiki/Berlin_Township,_New_Jersey | L11: 0 | M11: 0 | N11: 0 | O11: 0 | P11: 0 | Q11: 0 | R11: 0 | S11: 0 | T11: 0 | U11: 0 | V11: 0 | W11: 0 | X11: 0 | Y11: 0 | Z11: 0 | AA11: 0 | AB11: 0 | AC11: 0 | AD11: 0 | AE11: 0 | AF11: 0 | AG11: 0 | AH11: 0 | AI11: 0 | AJ11: 0 | AK11: 0 | AL11: 0 | AM11: 0 | AN11: 0 | AO11: 0 | AP11: 0 | AQ11: 0 | AR11: 0 | AS11: 0 | AT11: 0 | AU11: 0
A12: Brooklawn | B12: Camden | C12: 3400708170 | D12: borough | E12: queued | F12: 274 | G12: Gaetano's of Brooklawn | H12: 2025-06-16 | I12: Gaetano's of Brooklawn | J12: https://gaetanosbrooklawn.com/ | K12: https://en.wikipedia.org/wiki/Brooklawn,_New_Jersey | L12: 0 | M12: 0 | N12: 0 | O12: 0 | P12: 0 | Q12: 0 | R12: 0 | S12: 0 | T12: 0 | U12: 0 | V12: 0 | W12: 0 | X12: 0 | Y12: 0 | Z12: 0 | AA12: 0 | AB12: 0 | AC12: 0 | AD12: 0 | AE12: 0 | AF12: 0 | AG12: 0 | AH12: 0 | AI12: 0 | AJ12: 0 | AK12: 0 | AL12: 0 | AM12: 0 | AN12: 0 | AO12: 0 | AP12: 0 | AQ12: 0 | AR12: 0 | AS12: 0 | AT12: 0 | AU12: 0
A13: Camden | B13: Camden | C13: 3400710000 | D13: city | E13: queued | F13: 289 | G13: Donkey's Place Steaks | H13: 46213 | I13: Donkey's Place Steaks | J13: https://www.donkeysplace.com/ | K13: https://en.wikipedia.org/wiki/Camden,_New_Jersey | L13: 0 | M13: 0 | N13: 0 | O13: 0 | P13: 0 | Q13: 0 | R13: 0 | S13: 0 | T13: 0 | U13: 0 | V13: 0 | W13: 0 | X13: 0 | Y13: 0 | Z13: 0 | AA13: 0 | AB13: 0 | AC13: 0 | AD13: 0 | AE13: 0 | AF13: 0 | AG13: 0 | AH13: 0 | AI13: 0 | AJ13: 0 | AK13: 0 | AL13: 0 | AM13: 0 | AN13: 0 | AO13: 0 | AP13: 0 | AQ13: 0 | AR13: 0 | AS13: 0 | AT13: 0 | AU13: 0
A14: Cherry Hill | B14: Camden | C14: 3400712280 | D14: township | E14: queued | F14: 281 | G14: Nan Xiang Soup Dumplings | H14: 2025-10-07 | I14: Nan Xiang Soup Dumplings | J14: https://nanxiangxiaolongbao.com/ | K14: https://en.wikipedia.org/wiki/Cherry_Hill_Township,_New_Jersey | L14: 0 | M14: 0 | N14: 0 | O14: 0 | P14: 0 | Q14: 0 | R14: 0 | S14: 0 | T14: 0 | U14: 0 | V14: 0 | W14: 0 | X14: 0 | Y14: 0 | Z14: 0 | AA14: 0 | AB14: 0 | AC14: 0 | AD14: 0 | AE14: 0 | AF14: 0 | AG14: 0 | AH14: 0 | AI14: 0 | AJ14: 0 | AK14: 0 | AL14: 0 | AM14: 0 | AN14: 0 | AO14: 0 | AP14: 0 | AQ14: 0 | AR14: 0 | AS14: 0 | AT14: 0 | AU14: 0
A15: Chesilhurst | B15: Camden | C15: 3400712550 | D15: borough | E15: unvisited | F15: 0 | G15: 0 | H15: 0 | I15: 0 | J15: 0 | K15: https://en.wikipedia.org/wiki/Chesilhurst,_New_Jersey | L15: 0 | M15: 0 | N15: 0 | O15: 0 | P15: 0 | Q15: 0 | R15: 0 | S15: 0 | T15: 0 | U15: 0 | V15: 0 | W15: 0 | X15: 0 | Y15: 0 | Z15: 0 | AA15: 0 | AB15: 0 | AC15: 0 | AD15: 0 | AE15: 0 | AF15: 0 | AG15: 0 | AH15: 0 | AI15: 0 | AJ15: 0 | AK15: 0 | AL15: 0 | AM15: 0 | AN15: 0 | AO15: 0 | AP15: 0 | AQ15: 0 | AR15: 0 | AS15: 0 | AT15: 0 | AU15: 0
A16: Clementon | B16: Camden | C16: 3400713420 | D16: borough | E16: unvisited | F16: 0 | G16: 0 | H16: 0 | I16: 0 | J16: 0 | K16: https://en.wikipedia.org/wiki/Clementon,_New_Jersey | L16: 0 | M16: 0 | N16: 0 | O16: 0 | P16: 0 | Q16: 0 | R16: 0 | S16: 0 | T16: 0 | U16: 0 | V16: 0 | W16: 0 | X16: 0 | Y16: 0 | Z16: 0 | AA16: 0 | AB16: 0 | AC16: 0 | AD16: 0 | AE16: 0 | AF16: 0 | AG16: 0 | AH16: 0 | AI16: 0 | AJ16: 0 | AK16: 0 | AL16: 0 | AM16: 0 | AN16: 0 | AO16: 0 | AP16: 0 | AQ16: 0 | AR16: 0 | AS16: 0 | AT16: 0 | AU16: 0
A17: Collingswood | B17: Camden | C17: 3400714260 | D17: borough | E17: queued | F17: 255 | G17: Sabrina's Cafe | H17: 2024-12-28 | I17: Sabrina's Café | J17: https://www.sabrinascafe.com/ | K17: https://en.wikipedia.org/wiki/Collingswood,_New_Jersey | L17: 0 | M17: 0 | N17: 0 | O17: 0 | P17: 0 | Q17: 0 | R17: 0 | S17: 0 | T17: 0 | U17: 0 | V17: 0 | W17: 0 | X17: 0 | Y17: 0 | Z17: 0 | AA17: 0 | AB17: 0 | AC17: 0 | AD17: 0 | AE17: 0 | AF17: 0 | AG17: 0 | AH17: 0 | AI17: 0 | AJ17: 0 | AK17: 0 | AL17: 0 | AM17: 0 | AN17: 0 | AO17: 0 | AP17: 0 | AQ17: 0 | AR17: 0 | AS17: 0 | AT17: 0 | AU17: 0
A18: Gibbsboro | B18: Camden | C18: 3400726070 | D18: borough | E18: unvisited | F18: 0 | G18: 0 | H18: 0 | I18: 0 | J18: 0 | K18: https://en.wikipedia.org/wiki/Gibbsboro,_New_Jersey | L18: 0 | M18: 0 | N18: 0 | O18: 0 | P18: 0 | Q18: 0 | R18: 0 | S18: 0 | T18: 0 | U18: 0 | V18: 0 | W18: 0 | X18: 0 | Y18: 0 | Z18: 0 | AA18: 0 | AB18: 0 | AC18: 0 | AD18: 0 | AE18: 0 | AF18: 0 | AG18: 0 | AH18: 0 | AI18: 0 | AJ18: 0 | AK18: 0 | AL18: 0 | AM18: 0 | AN18: 0 | AO18: 0 | AP18: 0 | AQ18: 0 | AR18: 0 | AS18: 0 | AT18: 0 | AU18: 0
A19: Gloucester | B19: Camden | C19: 3400726760 | D19: township | E19: unvisited | F19: 0 | G19: 0 | H19: 0 | I19: 0 | J19: 0 | K19: https://en.wikipedia.org/wiki/Gloucester_Township,_New_Jersey | L19: 0 | M19: 0 | N19: 0 | O19: 0 | P19: 0 | Q19: 0 | R19: 0 | S19: 0 | T19: 0 | U19: 0 | V19: 0 | W19: 0 | X19: 0 | Y19: 0 | Z19: 0 | AA19: 0 | AB19: 0 | AC19: 0 | AD19: 0 | AE19: 0 | AF19: 0 | AG19: 0 | AH19: 0 | AI19: 0 | AJ19: 0 | AK19: 0 | AL19: 0 | AM19: 0 | AN19: 0 | AO19: 0 | AP19: 0 | AQ19: 0 | AR19: 0 | AS19: 0 | AT19: 0 | AU19: 0
A20: Gloucester City | B20: Camden | C20: 3400726820 | D20: city | E20: unvisited | F20: 0 | G20: 0 | H20: 0 | I20: 0 | J20: 0 | K20: https://en.wikipedia.org/wiki/Gloucester_City,_New_Jersey | L20: 0 | M20: 0 | N20: 0 | O20: 0 | P20: 0 | Q20: 0 | R20: 0 | S20: 0 | T20: 0 | U20: 0 | V20: 0 | W20: 0 | X20: 0 | Y20: 0 | Z20: 0 | AA20: 0 | AB20: 0 | AC20: 0 | AD20: 0 | AE20: 0 | AF20: 0 | AG20: 0 | AH20: 0 | AI20: 0 | AJ20: 0 | AK20: 0 | AL20: 0 | AM20: 0 | AN20: 0 | AO20: 0 | AP20: 0 | AQ20: 0 | AR20: 0 | AS20: 0 | AT20: 0 | AU20: 0
A21: Haddon | B21: Camden | C21: 3400728740 | D21: township | E21: unvisited | F21: 0 | G21: 0 | H21: 0 | I21: 0 | J21: 0 | K21: https://en.wikipedia.org/wiki/Haddon_Township,_New_Jersey | L21: 0 | M21: 0 | N21: 0 | O21: 0 | P21: 0 | Q21: 0 | R21: 0 | S21: 0 | T21: 0 | U21: 0 | V21: 0 | W21: 0 | X21: 0 | Y21: 0 | Z21: 0 | AA21: 0 | AB21: 0 | AC21: 0 | AD21: 0 | AE21: 0 | AF21: 0 | AG21: 0 | AH21: 0 | AI21: 0 | AJ21: 0 | AK21: 0 | AL21: 0 | AM21: 0 | AN21: 0 | AO21: 0 | AP21: 0 | AQ21: 0 | AR21: 0 | AS21: 0 | AT21: 0 | AU21: 0
A22: Haddon Heights | B22: Camden | C22: 3400728800 | D22: borough | E22: unvisited | F22: 0 | G22: 0 | H22: 0 | I22: 0 | J22: 0 | K22: https://en.wikipedia.org/wiki/Haddon_Heights,_New_Jersey | L22: 0 | M22: 0 | N22: 0 | O22: 0 | P22: 0 | Q22: 0 | R22: 0 | S22: 0 | T22: 0 | U22: 0 | V22: 0 | W22: 0 | X22: 0 | Y22: 0 | Z22: 0 | AA22: 0 | AB22: 0 | AC22: 0 | AD22: 0 | AE22: 0 | AF22: 0 | AG22: 0 | AH22: 0 | AI22: 0 | AJ22: 0 | AK22: 0 | AL22: 0 | AM22: 0 | AN22: 0 | AO22: 0 | AP22: 0 | AQ22: 0 | AR22: 0 | AS22: 0 | AT22: 0 | AU22: 0
A23: Haddonfield | B23: Camden | C23: 3400728770 | D23: borough | E23: unvisited | F23: 0 | G23: 0 | H23: 0 | I23: 0 | J23: 0 | K23: https://en.wikipedia.org/wiki/Haddonfield,_New_Jersey | L23: 0 | M23: 0 | N23: 0 | O23: 0 | P23: 0 | Q23: 0 | R23: 0 | S23: 0 | T23: 0 | U23: 0 | V23: 0 | W23: 0 | X23: 0 | Y23: 0 | Z23: 0 | AA23: 0 | AB23: 0 | AC23: 0 | AD23: 0 | AE23: 0 | AF23: 0 | AG23: 0 | AH23: 0 | AI23: 0 | AJ23: 0 | AK23: 0 | AL23: 0 | AM23: 0 | AN23: 0 | AO23: 0 | AP23: 0 | AQ23: 0 | AR23: 0 | AS23: 0 | AT23: 0 | AU23: 0
A24: Hi-Nella | B24: Camden | C24: 3400732220 | D24: borough | E24: unvisited | F24: 0 | G24: 0 | H24: 0 | I24: 0 | J24: 0 | K24: https://en.wikipedia.org/wiki/Hi-Nella,_New_Jersey | L24: 0 | M24: 0 | N24: 0 | O24: 0 | P24: 0 | Q24: 0 | R24: 0 | S24: 0 | T24: 0 | U24: 0 | V24: 0 | W24: 0 | X24: 0 | Y24: 0 | Z24: 0 | AA24: 0 | AB24: 0 | AC24: 0 | AD24: 0 | AE24: 0 | AF24: 0 | AG24: 0 | AH24: 0 | AI24: 0 | AJ24: 0 | AK24: 0 | AL24: 0 | AM24: 0 | AN24: 0 | AO24: 0 | AP24: 0 | AQ24: 0 | AR24: 0 | AS24: 0 | AT24: 0 | AU24: 0
A25: Laurel Springs | B25: Camden | C25: 3400739210 | D25: borough | E25: unvisited | F25: 0 | G25: 0 | H25: 0 | I25: 0 | J25: 0 | K25: https://en.wikipedia.org/wiki/Laurel_Springs,_New_Jersey | L25: 0 | M25: 0 | N25: 0 | O25: 0 | P25: 0 | Q25: 0 | R25: 0 | S25: 0 | T25: 0 | U25: 0 | V25: 0 | W25: 0 | X25: 0 | Y25: 0 | Z25: 0 | AA25: 0 | AB25: 0 | AC25: 0 | AD25: 0 | AE25: 0 | AF25: 0 | AG25: 0 | AH25: 0 | AI25: 0 | AJ25: 0 | AK25: 0 | AL25: 0 | AM25: 0 | AN25: 0 | AO25: 0 | AP25: 0 | AQ25: 0 | AR25: 0 | AS25: 0 | AT25: 0 | AU25: 0
A26: Lawnside | B26: Camden | C26: 3400739420 | D26: borough | E26: unvisited | F26: 0 | G26: 0 | H26: 0 | I26: 0 | J26: 0 | K26: https://en.wikipedia.org/wiki/Lawnside,_New_Jersey | L26: 0 | M26: 0 | N26: 0 | O26: 0 | P26: 0 | Q26: 0 | R26: 0 | S26: 0 | T26: 0 | U26: 0 | V26: 0 | W26: 0 | X26: 0 | Y26: 0 | Z26: 0 | AA26: 0 | AB26: 0 | AC26: 0 | AD26: 0 | AE26: 0 | AF26: 0 | AG26: 0 | AH26: 0 | AI26: 0 | AJ26: 0 | AK26: 0 | AL26: 0 | AM26: 0 | AN26: 0 | AO26: 0 | AP26: 0 | AQ26: 0 | AR26: 0 | AS26: 0 | AT26: 0 | AU26: 0
A27: Lindenwold | B27: Camden | C27: 3400740440 | D27: borough | E27: unvisited | F27: 0 | G27: 0 | H27: 0 | I27: 0 | J27: 0 | K27: https://en.wikipedia.org/wiki/Lindenwold,_New_Jersey | L27: 0 | M27: 0 | N27: 0 | O27: 0 | P27: 0 | Q27: 0 | R27: 0 | S27: 0 | T27: 0 | U27: 0 | V27: 0 | W27: 0 | X27: 0 | Y27: 0 | Z27: 0 | AA27: 0 | AB27: 0 | AC27: 0 | AD27: 0 | AE27: 0 | AF27: 0 | AG27: 0 | AH27: 0 | AI27: 0 | AJ27: 0 | AK27: 0 | AL27: 0 | AM27: 0 | AN27: 0 | AO27: 0 | AP27: 0 | AQ27: 0 | AR27: 0 | AS27: 0 | AT27: 0 | AU27: 0
A28: Magnolia | B28: Camden | C28: 3400742630 | D28: borough | E28: unvisited | F28: 0 | G28: 0 | H28: 0 | I28: 0 | J28: 0 | K28: https://en.wikipedia.org/wiki/Magnolia,_New_Jersey | L28: 0 | M28: 0 | N28: 0 | O28: 0 | P28: 0 | Q28: 0 | R28: 0 | S28: 0 | T28: 0 | U28: 0 | V28: 0 | W28: 0 | X28: 0 | Y28: 0 | Z28: 0 | AA28: 0 | AB28: 0 | AC28: 0 | AD28: 0 | AE28: 0 | AF28: 0 | AG28: 0 | AH28: 0 | AI28: 0 | AJ28: 0 | AK28: 0 | AL28: 0 | AM28: 0 | AN28: 0 | AO28: 0 | AP28: 0 | AQ28: 0 | AR28: 0 | AS28: 0 | AT28: 0 | AU28: 0
A29: Merchantville | B29: Camden | C29: 3400745510 | D29: borough | E29: queued | F29: 284 | G29: Blue Monkey Tavern | H29: 2026-03-06 | I29: Blue Monkey Tavern | J29: https://bluemonkeytavern.com/ | K29: https://en.wikipedia.org/wiki/Merchantville,_New_Jersey | L29: NJ Town #284: Merchantville (Preview) | M29: https://www.instagram.com/p/DVoT0fykWka/ | N29: 0 | O29: 0 | P29: 0 | Q29: 0 | R29: 0 | S29: 0 | T29: 0 | U29: 0 | V29: 0 | W29: 0 | X29: 0 | Y29: 0 | Z29: 0 | AA29: 0 | AB29: 0 | AC29: 0 | AD29: 0 | AE29: 0 | AF29: 0 | AG29: 0 | AH29: 0 | AI29: 0 | AJ29: 0 | AK29: 0 | AL29: Town #284 - Blue Monkey Tavern (Preview) | AM29: https://www.instagram.com/p/DVoT0fykWka/ | AN29: 0 | AO29: 0 | AP29: 0 | AQ29: 0 | AR29: 0 | AS29: 0 | AT29: 0 | AU29: 0
A30: Mount Ephraim | B30: Camden | C30: 3400748750 | D30: borough | E30: unvisited | F30: 0 | G30: 0 | H30: 0 | I30: 0 | J30: 0 | K30: https://en.wikipedia.org/wiki/Mount_Ephraim,_New_Jersey | L30: 0 | M30: 0 | N30: 0 | O30: 0 | P30: 0 | Q30: 0 | R30: 0 | S30: 0 | T30: 0 | U30: 0 | V30: 0 | W30: 0 | X30: 0 | Y30: 0 | Z30: 0 | AA30: 0 | AB30: 0 | AC30: 0 | AD30: 0 | AE30: 0 | AF30: 0 | AG30: 0 | AH30: 0 | AI30: 0 | AJ30: 0 | AK30: 0 | AL30: 0 | AM30: 0 | AN30: 0 | AO30: 0 | AP30: 0 | AQ30: 0 | AR30: 0 | AS30: 0 | AT30: 0 | AU30: 0
A31: Oaklyn | B31: Camden | C31: 3400753880 | D31: borough | E31: queued | F31: 271 | G31: Los Jalapenos Grill | H31: 2025-05-05 | I31: Los Jalapeños | J31: https://losjalapenosgrill.com/ | K31: https://en.wikipedia.org/wiki/Oaklyn,_New_Jersey | L31: NJ Town #271: Oaklyn | M31: https://www.instagram.com/p/DX-Y8c5RTma/ | N31: 0 | O31: 0 | P31: 0 | Q31: 0 | R31: 0 | S31: 0 | T31: 0 | U31: 0 | V31: 0 | W31: 0 | X31: 0 | Y31: 0 | Z31: 0 | AA31: 0 | AB31: 0 | AC31: 0 | AD31: 0 | AE31: 0 | AF31: 0 | AG31: 0 | AH31: 0 | AI31: 0 | AJ31: 0 | AK31: 0 | AL31: 0 | AM31: 0 | AN31: 0 | AO31: 0 | AP31: 0 | AQ31: 0 | AR31: 0 | AS31: 0 | AT31: 0 | AU31: 0
A32: Pennsauken | B32: Camden | C32: 3400757660 | D32: township | E32: unvisited | F32: 0 | G32: 0 | H32: 0 | I32: 0 | J32: 0 | K32: https://en.wikipedia.org/wiki/Pennsauken_Township,_New_Jersey | L32: 0 | M32: 0 | N32: 0 | O32: 0 | P32: 0 | Q32: 0 | R32: 0 | S32: 0 | T32: 0 | U32: 0 | V32: 0 | W32: 0 | X32: 0 | Y32: 0 | Z32: 0 | AA32: 0 | AB32: 0 | AC32: 0 | AD32: 0 | AE32: 0 | AF32: 0 | AG32: 0 | AH32: 0 | AI32: 0 | AJ32: 0 | AK32: 0 | AL32: 0 | AM32: 0 | AN32: 0 | AO32: 0 | AP32: 0 | AQ32: 0 | AR32: 0 | AS32: 0 | AT32: 0 | AU32: 0
A33: Pine Hill | B33: Camden | C33: 3400758770 | D33: borough | E33: unvisited | F33: 0 | G33: 0 | H33: 0 | I33: 0 | J33: 0 | K33: https://en.wikipedia.org/wiki/Pine_Hill,_New_Jersey | L33: 0 | M33: 0 | N33: 0 | O33: 0 | P33: 0 | Q33: 0 | R33: 0 | S33: 0 | T33: 0 | U33: 0 | V33: 0 | W33: 0 | X33: 0 | Y33: 0 | Z33: 0 | AA33: 0 | AB33: 0 | AC33: 0 | AD33: 0 | AE33: 0 | AF33: 0 | AG33: 0 | AH33: 0 | AI33: 0 | AJ33: 0 | AK33: 0 | AL33: 0 | AM33: 0 | AN33: 0 | AO33: 0 | AP33: 0 | AQ33: 0 | AR33: 0 | AS33: 0 | AT33: 0 | AU33: 0
A34: Runnemede | B34: Camden | C34: 3400765160 | D34: borough | E34: queued | F34: 288 | G34: Phily Diner and Sport Bar | H34: 46199 | I34: Phily Diner and Sport Bar | J34: https://philysportbar.com/ | K34: https://en.wikipedia.org/wiki/Runnemede,_New_Jersey | L34: 0 | M34: 0 | N34: 0 | O34: 0 | P34: 0 | Q34: 0 | R34: 0 | S34: 0 | T34: 0 | U34: 0 | V34: 0 | W34: 0 | X34: 0 | Y34: 0 | Z34: 0 | AA34: 0 | AB34: 0 | AC34: 0 | AD34: 0 | AE34: 0 | AF34: 0 | AG34: 0 | AH34: 0 | AI34: 0 | AJ34: 0 | AK34: 0 | AL34: 0 | AM34: 0 | AN34: 0 | AO34: 0 | AP34: 0 | AQ34: 0 | AR34: 0 | AS34: 0 | AT34: 0 | AU34: 0
A35: Somerdale | B35: Camden | C35: 3400768340 | D35: borough | E35: unvisited | F35: 0 | G35: 0 | H35: 0 | I35: 0 | J35: 0 | K35: https://en.wikipedia.org/wiki/Somerdale,_New_Jersey | L35: 0 | M35: 0 | N35: 0 | O35: 0 | P35: 0 | Q35: 0 | R35: 0 | S35: 0 | T35: 0 | U35: 0 | V35: 0 | W35: 0 | X35: 0 | Y35: 0 | Z35: 0 | AA35: 0 | AB35: 0 | AC35: 0 | AD35: 0 | AE35: 0 | AF35: 0 | AG35: 0 | AH35: 0 | AI35: 0 | AJ35: 0 | AK35: 0 | AL35: 0 | AM35: 0 | AN35: 0 | AO35: 0 | AP35: 0 | AQ35: 0 | AR35: 0 | AS35: 0 | AT35: 0 | AU35: 0
A36: Stratford | B36: Camden | C36: 3400771220 | D36: borough | E36: unvisited | F36: 0 | G36: 0 | H36: 0 | I36: 0 | J36: 0 | K36: https://en.wikipedia.org/wiki/Stratford,_New_Jersey | L36: 0 | M36: 0 | N36: 0 | O36: 0 | P36: 0 | Q36: 0 | R36: 0 | S36: 0 | T36: 0 | U36: 0 | V36: 0 | W36: 0 | X36: 0 | Y36: 0 | Z36: 0 | AA36: 0 | AB36: 0 | AC36: 0 | AD36: 0 | AE36: 0 | AF36: 0 | AG36: 0 | AH36: 0 | AI36: 0 | AJ36: 0 | AK36: 0 | AL36: 0 | AM36: 0 | AN36: 0 | AO36: 0 | AP36: 0 | AQ36: 0 | AR36: 0 | AS36: 0 | AT36: 0 | AU36: 0
A37: Tavistock | B37: Camden | C37: 3400772240 | D37: borough | E37: unvisited | F37: 0 | G37: 0 | H37: 0 | I37: 0 | J37: 0 | K37: https://en.wikipedia.org/wiki/Tavistock,_New_Jersey | L37: 0 | M37: 0 | N37: 0 | O37: 0 | P37: 0 | Q37: 0 | R37: 0 | S37: 0 | T37: 0 | U37: 0 | V37: 0 | W37: 0 | X37: 0 | Y37: 0 | Z37: 0 | AA37: 0 | AB37: 0 | AC37: 0 | AD37: 0 | AE37: 0 | AF37: 0 | AG37: 0 | AH37: 0 | AI37: 0 | AJ37: 0 | AK37: 0 | AL37: 0 | AM37: 0 | AN37: 0 | AO37: 0 | AP37: 0 | AQ37: 0 | AR37: 0 | AS37: 0 | AT37: 0 | AU37: 0
A38: Voorhees | B38: Camden | C38: 3400776220 | D38: township | E38: unvisited | F38: 0 | G38: 0 | H38: 0 | I38: 0 | J38: 0 | K38: https://en.wikipedia.org/wiki/Voorhees_Township,_New_Jersey | L38: 0 | M38: 0 | N38: 0 | O38: 0 | P38: 0 | Q38: 0 | R38: 0 | S38: 0 | T38: 0 | U38: 0 | V38: 0 | W38: 0 | X38: 0 | Y38: 0 | Z38: 0 | AA38: 0 | AB38: 0 | AC38: 0 | AD38: 0 | AE38: 0 | AF38: 0 | AG38: 0 | AH38: 0 | AI38: 0 | AJ38: 0 | AK38: 0 | AL38: 0 | AM38: 0 | AN38: 0 | AO38: 0 | AP38: 0 | AQ38: 0 | AR38: 0 | AS38: 0 | AT38: 0 | AU38: 0
A39: Waterford | B39: Camden | C39: 3400777630 | D39: township | E39: unvisited | F39: 0 | G39: 0 | H39: 0 | I39: 0 | J39: 0 | K39: https://en.wikipedia.org/wiki/Waterford_Township,_New_Jersey | L39: 0 | M39: 0 | N39: 0 | O39: 0 | P39: 0 | Q39: 0 | R39: 0 | S39: 0 | T39: 0 | U39: 0 | V39: 0 | W39: 0 | X39: 0 | Y39: 0 | Z39: 0 | AA39: 0 | AB39: 0 | AC39: 0 | AD39: 0 | AE39: 0 | AF39: 0 | AG39: 0 | AH39: 0 | AI39: 0 | AJ39: 0 | AK39: 0 | AL39: 0 | AM39: 0 | AN39: 0 | AO39: 0 | AP39: 0 | AQ39: 0 | AR39: 0 | AS39: 0 | AT39: 0 | AU39: 0
A40: Winslow | B40: Camden | C40: 3400781740 | D40: township | E40: unvisited | F40: 0 | G40: 0 | H40: 0 | I40: 0 | J40: 0 | K40: https://en.wikipedia.org/wiki/Winslow_Township,_New_Jersey | L40: 0 | M40: 0 | N40: 0 | O40: 0 | P40: 0 | Q40: 0 | R40: 0 | S40: 0 | T40: 0 | U40: 0 | V40: 0 | W40: 0 | X40: 0 | Y40: 0 | Z40: 0 | AA40: 0 | AB40: 0 | AC40: 0 | AD40: 0 | AE40: 0 | AF40: 0 | AG40: 0 | AH40: 0 | AI40: 0 | AJ40: 0 | AK40: 0 | AL40: 0 | AM40: 0 | AN40: 0 | AO40: 0 | AP40: 0 | AQ40: 0 | AR40: 0 | AS40: 0 | AT40: 0 | AU40: 0
A41: Woodlynne | B41: Camden | C41: 3400782450 | D41: borough | E41: queued | F41: 268 | G41: Food Reyes | H41: 2025-04-21 | I41: Food Reyes | J41: https://reyesfood.com/ | K41: https://en.wikipedia.org/wiki/Woodlynne,_New_Jersey | L41: 0 | M41: 0 | N41: 0 | O41: 0 | P41: 0 | Q41: 0 | R41: 0 | S41: 0 | T41: 0 | U41: 0 | V41: 0 | W41: 0 | X41: 0 | Y41: 0 | Z41: 0 | AA41: 0 | AB41: 0 | AC41: 0 | AD41: 0 | AE41: 0 | AF41: 0 | AG41: 0 | AH41: 0 | AI41: 0 | AJ41: 0 | AK41: 0 | AL41: 0 | AM41: 0 | AN41: 0 | AO41: 0 | AP41: 0 | AQ41: 0 | AR41: 0 | AS41: 0 | AT41: 0 | AU41: 0

Sheet Cape May
A1: Cape May County
A2: Total Towns | B2: =COUNTIF(Data!B$3:B$602,"Cape May") -> 16 | C2: Visited | D2: =COUNTIFS(Data!B$3:B$602,"Cape May",Data!E3:E602,"visited")+COUNTIFS(Data!B$3:B$602,"Cape May",Data!E3:E602,"queued")+COUNTIFS(Data!B$3:B$602,"Cape May",Data!E3:E602,"pre-challenge") -> 6 | E2: To Go | F2: =B2-D2 -> 10
A4: MUNICIPALITY | E4: VISIT DATA | I4: RESTAURANT LINK | K4: WIKIPEDIA | L4: INSTAGRAM | P4: TIKTOK | T4: YOUTUBE | X4: THREADS | AB4: BLUESKY | AF4: FACEBOOK | AJ4: EXTRA / OVERFLOW LINKS
A5: name | B5: county | C5: geoid | D5: townType | E5: status | F5: visitNumber | G5: restaurantName | H5: dateVisited | I5: restaurant_label | J5: restaurant_url | K5: wikipedia_url | L5: instagram1_label | M5: instagram1_url | N5: instagram2_label | O5: instagram2_url | P5: tiktok1_label | Q5: tiktok1_url | R5: tiktok2_label | S5: tiktok2_url | T5: youtube1_label | U5: youtube1_url | V5: youtube2_label | W5: youtube2_url | X5: threads1_label | Y5: threads1_url | Z5: threads2_label | AA5: threads2_url | AB5: bluesky1_label | AC5: bluesky1_url | AD5: bluesky2_label | AE5: bluesky2_url | AF5: facebook1_label | AG5: facebook1_url | AH5: facebook2_label | AI5: facebook2_url | AJ5: extra1_category | AK5: extra1_platform | AL5: extra1_label | AM5: extra1_url | AN5: extra2_category | AO5: extra2_platform | AP5: extra2_label | AQ5: extra2_url | AR5: extra3_category | AS5: extra3_platform | AT5: extra3_label | AU5: extra3_url
A6: {=_xlfn._xlws.FILTER(Data!A$3:AU$602,Data!B$3:B$602="Cape May","")} -> Avalon | B6: Cape May | C6: 3400902320 | D6: borough | E6: unvisited | F6: 0 | G6: 0 | H6: 0 | I6: 0 | J6: 0 | K6: https://en.wikipedia.org/wiki/Avalon,_New_Jersey | L6: 0 | M6: 0 | N6: 0 | O6: 0 | P6: 0 | Q6: 0 | R6: 0 | S6: 0 | T6: 0 | U6: 0 | V6: 0 | W6: 0 | X6: 0 | Y6: 0 | Z6: 0 | AA6: 0 | AB6: 0 | AC6: 0 | AD6: 0 | AE6: 0 | AF6: 0 | AG6: 0 | AH6: 0 | AI6: 0 | AJ6: 0 | AK6: 0 | AL6: 0 | AM6: 0 | AN6: 0 | AO6: 0 | AP6: 0 | AQ6: 0 | AR6: 0 | AS6: 0 | AT6: 0 | AU6: 0
A7: Cape May | B7: Cape May | C7: 3400910270 | D7: city | E7: pre-challenge | F7: 0 | G7: Kohr Brother's | H7: 42919 | I7: Kohr Brother's | J7: https://kohrbros.com | K7: https://en.wikipedia.org/wiki/Cape_May,_New_Jersey | L7: 0 | M7: 0 | N7: 0 | O7: 0 | P7: 0 | Q7: 0 | R7: 0 | S7: 0 | T7: 0 | U7: 0 | V7: 0 | W7: 0 | X7: 0 | Y7: 0 | Z7: 0 | AA7: 0 | AB7: 0 | AC7: 0 | AD7: 0 | AE7: 0 | AF7: 0 | AG7: 0 | AH7: 0 | AI7: 0 | AJ7: 0 | AK7: 0 | AL7: 0 | AM7: 0 | AN7: 0 | AO7: 0 | AP7: 0 | AQ7: 0 | AR7: 0 | AS7: 0 | AT7: 0 | AU7: 0
A8: Cape May Point | B8: Cape May | C8: 3400910330 | D8: borough | E8: unvisited | F8: 0 | G8: 0 | H8: 0 | I8: 0 | J8: 0 | K8: https://en.wikipedia.org/wiki/Cape_May_Point,_New_Jersey | L8: 0 | M8: 0 | N8: 0 | O8: 0 | P8: 0 | Q8: 0 | R8: 0 | S8: 0 | T8: 0 | U8: 0 | V8: 0 | W8: 0 | X8: 0 | Y8: 0 | Z8: 0 | AA8: 0 | AB8: 0 | AC8: 0 | AD8: 0 | AE8: 0 | AF8: 0 | AG8: 0 | AH8: 0 | AI8: 0 | AJ8: 0 | AK8: 0 | AL8: 0 | AM8: 0 | AN8: 0 | AO8: 0 | AP8: 0 | AQ8: 0 | AR8: 0 | AS8: 0 | AT8: 0 | AU8: 0
A9: Dennis | B9: Cape May | C9: 3400917560 | D9: township | E9: unvisited | F9: 0 | G9: 0 | H9: 0 | I9: 0 | J9: 0 | K9: https://en.wikipedia.org/wiki/Dennis_Township,_New_Jersey | L9: 0 | M9: 0 | N9: 0 | O9: 0 | P9: 0 | Q9: 0 | R9: 0 | S9: 0 | T9: 0 | U9: 0 | V9: 0 | W9: 0 | X9: 0 | Y9: 0 | Z9: 0 | AA9: 0 | AB9: 0 | AC9: 0 | AD9: 0 | AE9: 0 | AF9: 0 | AG9: 0 | AH9: 0 | AI9: 0 | AJ9: 0 | AK9: 0 | AL9: 0 | AM9: 0 | AN9: 0 | AO9: 0 | AP9: 0 | AQ9: 0 | AR9: 0 | AS9: 0 | AT9: 0 | AU9: 0
A10: Lower | B10: Cape May | C10: 3400941610 | D10: township | E10: unvisited | F10: 0 | G10: 0 | H10: 0 | I10: 0 | J10: 0 | K10: https://en.wikipedia.org/wiki/Lower_Township,_New_Jersey | L10: 0 | M10: 0 | N10: 0 | O10: 0 | P10: 0 | Q10: 0 | R10: 0 | S10: 0 | T10: 0 | U10: 0 | V10: 0 | W10: 0 | X10: 0 | Y10: 0 | Z10: 0 | AA10: 0 | AB10: 0 | AC10: 0 | AD10: 0 | AE10: 0 | AF10: 0 | AG10: 0 | AH10: 0 | AI10: 0 | AJ10: 0 | AK10: 0 | AL10: 0 | AM10: 0 | AN10: 0 | AO10: 0 | AP10: 0 | AQ10: 0 | AR10: 0 | AS10: 0 | AT10: 0 | AU10: 0
A11: Middle | B11: Cape May | C11: 3400945810 | D11: township | E11: queued | F11: 0 | G11: Provence | H11: 45619 | I11: Provence | J11: https://provencecapemay.com/ | K11: https://en.wikipedia.org/wiki/Middle_Township,_New_Jersey | L11: 0 | M11: 0 | N11: 0 | O11: 0 | P11: 0 | Q11: 0 | R11: 0 | S11: 0 | T11: 0 | U11: 0 | V11: 0 | W11: 0 | X11: 0 | Y11: 0 | Z11: 0 | AA11: 0 | AB11: 0 | AC11: 0 | AD11: 0 | AE11: 0 | AF11: 0 | AG11: 0 | AH11: 0 | AI11: 0 | AJ11: 0 | AK11: 0 | AL11: 0 | AM11: 0 | AN11: 0 | AO11: 0 | AP11: 0 | AQ11: 0 | AR11: 0 | AS11: 0 | AT11: 0 | AU11: 0
A12: North Wildwood | B12: Cape May | C12: 3400953490 | D12: city | E12: unvisited | F12: 0 | G12: 0 | H12: 0 | I12: 0 | J12: 0 | K12: https://en.wikipedia.org/wiki/North_Wildwood,_New_Jersey | L12: 0 | M12: 0 | N12: 0 | O12: 0 | P12: 0 | Q12: 0 | R12: 0 | S12: 0 | T12: 0 | U12: 0 | V12: 0 | W12: 0 | X12: 0 | Y12: 0 | Z12: 0 | AA12: 0 | AB12: 0 | AC12: 0 | AD12: 0 | AE12: 0 | AF12: 0 | AG12: 0 | AH12: 0 | AI12: 0 | AJ12: 0 | AK12: 0 | AL12: 0 | AM12: 0 | AN12: 0 | AO12: 0 | AP12: 0 | AQ12: 0 | AR12: 0 | AS12: 0 | AT12: 0 | AU12: 0
A13: Ocean City | B13: Cape May | C13: 3400954360 | D13: city | E13: pre-challenge | F13: 0 | G13: Chatterbox | H13: 42946 | I13: 0 | J13: 0 | K13: https://en.wikipedia.org/wiki/Ocean_City,_New_Jersey | L13: 0 | M13: 0 | N13: 0 | O13: 0 | P13: 0 | Q13: 0 | R13: 0 | S13: 0 | T13: 0 | U13: 0 | V13: 0 | W13: 0 | X13: 0 | Y13: 0 | Z13: 0 | AA13: 0 | AB13: 0 | AC13: 0 | AD13: 0 | AE13: 0 | AF13: 0 | AG13: 0 | AH13: 0 | AI13: 0 | AJ13: 0 | AK13: 0 | AL13: 0 | AM13: 0 | AN13: 0 | AO13: 0 | AP13: 0 | AQ13: 0 | AR13: 0 | AS13: 0 | AT13: 0 | AU13: 0
A14: Sea Isle City | B14: Cape May | C14: 3400966390 | D14: city | E14: queued | F14: 0 | G14: Sunset Pier Restaurant & Juice Bar | H14: 45564 | I14: Sunset Pier | J14: https://sunsetpiersic.com/ | K14: https://en.wikipedia.org/wiki/Sea_Isle_City,_New_Jersey | L14: 0 | M14: 0 | N14: 0 | O14: 0 | P14: 0 | Q14: 0 | R14: 0 | S14: 0 | T14: 0 | U14: 0 | V14: 0 | W14: 0 | X14: 0 | Y14: 0 | Z14: 0 | AA14: 0 | AB14: 0 | AC14: 0 | AD14: 0 | AE14: 0 | AF14: 0 | AG14: 0 | AH14: 0 | AI14: 0 | AJ14: 0 | AK14: 0 | AL14: 0 | AM14: 0 | AN14: 0 | AO14: 0 | AP14: 0 | AQ14: 0 | AR14: 0 | AS14: 0 | AT14: 0 | AU14: 0
A15: Stone Harbor | B15: Cape May | C15: 3400971010 | D15: borough | E15: unvisited | F15: 0 | G15: 0 | H15: 0 | I15: 0 | J15: 0 | K15: https://en.wikipedia.org/wiki/Stone_Harbor,_New_Jersey | L15: 0 | M15: 0 | N15: 0 | O15: 0 | P15: 0 | Q15: 0 | R15: 0 | S15: 0 | T15: 0 | U15: 0 | V15: 0 | W15: 0 | X15: 0 | Y15: 0 | Z15: 0 | AA15: 0 | AB15: 0 | AC15: 0 | AD15: 0 | AE15: 0 | AF15: 0 | AG15: 0 | AH15: 0 | AI15: 0 | AJ15: 0 | AK15: 0 | AL15: 0 | AM15: 0 | AN15: 0 | AO15: 0 | AP15: 0 | AQ15: 0 | AR15: 0 | AS15: 0 | AT15: 0 | AU15: 0
A16: Upper | B16: Cape May | C16: 3400974810 | D16: township | E16: pre-challenge | F16: 0 | G16: The Deauville Inn | H16: 42946 | I16: The Deauville Inn | J16: https://deauvilleinn.com/ | K16: https://en.wikipedia.org/wiki/Upper_Township,_New_Jersey | L16: 0 | M16: 0 | N16: 0 | O16: 0 | P16: 0 | Q16: 0 | R16: 0 | S16: 0 | T16: 0 | U16: 0 | V16: 0 | W16: 0 | X16: 0 | Y16: 0 | Z16: 0 | AA16: 0 | AB16: 0 | AC16: 0 | AD16: 0 | AE16: 0 | AF16: 0 | AG16: 0 | AH16: 0 | AI16: 0 | AJ16: 0 | AK16: 0 | AL16: 0 | AM16: 0 | AN16: 0 | AO16: 0 | AP16: 0 | AQ16: 0 | AR16: 0 | AS16: 0 | AT16: 0 | AU16: 0
A17: West Cape May | B17: Cape May | C17: 3400978530 | D17: borough | E17: unvisited | F17: 0 | G17: 0 | H17: 0 | I17: 0 | J17: 0 | K17: https://en.wikipedia.org/wiki/West_Cape_May,_New_Jersey | L17: 0 | M17: 0 | N17: 0 | O17: 0 | P17: 0 | Q17: 0 | R17: 0 | S17: 0 | T17: 0 | U17: 0 | V17: 0 | W17: 0 | X17: 0 | Y17: 0 | Z17: 0 | AA17: 0 | AB17: 0 | AC17: 0 | AD17: 0 | AE17: 0 | AF17: 0 | AG17: 0 | AH17: 0 | AI17: 0 | AJ17: 0 | AK17: 0 | AL17: 0 | AM17: 0 | AN17: 0 | AO17: 0 | AP17: 0 | AQ17: 0 | AR17: 0 | AS17: 0 | AT17: 0 | AU17: 0
A18: West Wildwood | B18: Cape May | C18: 3400980210 | D18: borough | E18: unvisited | F18: 0 | G18: 0 | H18: 0 | I18: 0 | J18: 0 | K18: https://en.wikipedia.org/wiki/West_Wildwood,_New_Jersey | L18: 0 | M18: 0 | N18: 0 | O18: 0 | P18: 0 | Q18: 0 | R18: 0 | S18: 0 | T18: 0 | U18: 0 | V18: 0 | W18: 0 | X18: 0 | Y18: 0 | Z18: 0 | AA18: 0 | AB18: 0 | AC18: 0 | AD18: 0 | AE18: 0 | AF18: 0 | AG18: 0 | AH18: 0 | AI18: 0 | AJ18: 0 | AK18: 0 | AL18: 0 | AM18: 0 | AN18: 0 | AO18: 0 | AP18: 0 | AQ18: 0 | AR18: 0 | AS18: 0 | AT18: 0 | AU18: 0
A19: Wildwood | B19: Cape May | C19: 3400981170 | D19: city | E19: pre-challenge | F19: 0 | G19: Mack's Pizza | H19: 42919 | I19: Mack's Pizza | J19: https://www.mackspizza.com/ | K19: https://en.wikipedia.org/wiki/Wildwood,_New_Jersey | L19: 0 | M19: 0 | N19: 0 | O19: 0 | P19: 0 | Q19: 0 | R19: 0 | S19: 0 | T19: 0 | U19: 0 | V19: 0 | W19: 0 | X19: 0 | Y19: 0 | Z19: 0 | AA19: 0 | AB19: 0 | AC19: 0 | AD19: 0 | AE19: 0 | AF19: 0 | AG19: 0 | AH19: 0 | AI19: 0 | AJ19: 0 | AK19: 0 | AL19: 0 | AM19: 0 | AN19: 0 | AO19: 0 | AP19: 0 | AQ19: 0 | AR19: 0 | AS19: 0 | AT19: 0 | AU19: 0
A20: Wildwood Crest | B20: Cape May | C20: 3400981200 | D20: borough | E20: unvisited | F20: 0 | G20: 0 | H20: 0 | I20: 0 | J20: 0 | K20: https://en.wikipedia.org/wiki/Wildwood_Crest,_New_Jersey | L20: 0 | M20: 0 | N20: 0 | O20: 0 | P20: 0 | Q20: 0 | R20: 0 | S20: 0 | T20: 0 | U20: 0 | V20: 0 | W20: 0 | X20: 0 | Y20: 0 | Z20: 0 | AA20: 0 | AB20: 0 | AC20: 0 | AD20: 0 | AE20: 0 | AF20: 0 | AG20: 0 | AH20: 0 | AI20: 0 | AJ20: 0 | AK20: 0 | AL20: 0 | AM20: 0 | AN20: 0 | AO20: 0 | AP20: 0 | AQ20: 0 | AR20: 0 | AS20: 0 | AT20: 0 | AU20: 0
A21: Woodbine | B21: Cape May | C21: 3400981890 | D21: borough | E21: unvisited | F21: 0 | G21: 0 | H21: 0 | I21: 0 | J21: 0 | K21: https://en.wikipedia.org/wiki/Woodbine,_New_Jersey | L21: 0 | M21: 0 | N21: 0 | O21: 0 | P21: 0 | Q21: 0 | R21: 0 | S21: 0 | T21: 0 | U21: 0 | V21: 0 | W21: 0 | X21: 0 | Y21: 0 | Z21: 0 | AA21: 0 | AB21: 0 | AC21: 0 | AD21: 0 | AE21: 0 | AF21: 0 | AG21: 0 | AH21: 0 | AI21: 0 | AJ21: 0 | AK21: 0 | AL21: 0 | AM21: 0 | AN21: 0 | AO21: 0 | AP21: 0 | AQ21: 0 | AR21: 0 | AS21: 0 | AT21: 0 | AU21: 0

Sheet Cumberland
A1: Cumberland County
A2: Total Towns | B2: =COUNTIF(Data!B$3:B$602,"Cumberland") -> 14 | C2: Visited | D2: =COUNTIFS(Data!B$3:B$602,"Cumberland",Data!E3:E602,"visited")+COUNTIFS(Data!B$3:B$602,"Cumberland",Data!E3:E602,"queued")+COUNTIFS(Data!B$3:B$602,"Cumberland",Data!E3:E602,"pre-challenge") -> 14 | E2: To Go | F2: =B2-D2 -> 0
A4: MUNICIPALITY | E4: VISIT DATA | I4: RESTAURANT LINK | K4: WIKIPEDIA | L4: INSTAGRAM | P4: TIKTOK | T4: YOUTUBE | X4: THREADS | AB4: BLUESKY | AF4: FACEBOOK | AJ4: EXTRA / OVERFLOW LINKS
A5: name | B5: county | C5: geoid | D5: townType | E5: status | F5: visitNumber | G5: restaurantName | H5: dateVisited | I5: restaurant_label | J5: restaurant_url | K5: wikipedia_url | L5: instagram1_label | M5: instagram1_url | N5: instagram2_label | O5: instagram2_url | P5: tiktok1_label | Q5: tiktok1_url | R5: tiktok2_label | S5: tiktok2_url | T5: youtube1_label | U5: youtube1_url | V5: youtube2_label | W5: youtube2_url | X5: threads1_label | Y5: threads1_url | Z5: threads2_label | AA5: threads2_url | AB5: bluesky1_label | AC5: bluesky1_url | AD5: bluesky2_label | AE5: bluesky2_url | AF5: facebook1_label | AG5: facebook1_url | AH5: facebook2_label | AI5: facebook2_url | AJ5: extra1_category | AK5: extra1_platform | AL5: extra1_label | AM5: extra1_url | AN5: extra2_category | AO5: extra2_platform | AP5: extra2_label | AQ5: extra2_url | AR5: extra3_category | AS5: extra3_platform | AT5: extra3_label | AU5: extra3_url
A6: {=_xlfn._xlws.FILTER(Data!A$3:AU$602,Data!B$3:B$602="Cumberland","")} -> Bridgeton | B6: Cumberland | C6: 3401107600 | D6: city | E6: queued | F6: 201 | G6: Bridgeton Family Diner & Restaurant | H6: 111208 | I6: Google Maps | J6: https://maps.app.goo.gl/YKSxWGRvsQLd4Mi67 | K6: https://en.wikipedia.org/wiki/Bridgeton,_New_Jersey | L6: 0 | M6: 0 | N6: 0 | O6: 0 | P6: 0 | Q6: 0 | R6: 0 | S6: 0 | T6: 0 | U6: 0 | V6: 0 | W6: 0 | X6: 0 | Y6: 0 | Z6: 0 | AA6: 0 | AB6: 0 | AC6: 0 | AD6: 0 | AE6: 0 | AF6: 0 | AG6: 0 | AH6: 0 | AI6: 0 | AJ6: 0 | AK6: 0 | AL6: 0 | AM6: 0 | AN6: 0 | AO6: 0 | AP6: 0 | AQ6: 0 | AR6: 0 | AS6: 0 | AT6: 0 | AU6: 0
A7: Commercial | B7: Cumberland | C7: 3401114710 | D7: township | E7: queued | F7: 171 | G7: Dino's Pizzaria | H7: 45318 | I7: 0 | J7: 0 | K7: https://en.wikipedia.org/wiki/Commercial_Township,_New_Jersey | L7: 0 | M7: 0 | N7: 0 | O7: 0 | P7: 0 | Q7: 0 | R7: 0 | S7: 0 | T7: 0 | U7: 0 | V7: 0 | W7: 0 | X7: 0 | Y7: 0 | Z7: 0 | AA7: 0 | AB7: 0 | AC7: 0 | AD7: 0 | AE7: 0 | AF7: 0 | AG7: 0 | AH7: 0 | AI7: 0 | AJ7: 0 | AK7: 0 | AL7: 0 | AM7: 0 | AN7: 0 | AO7: 0 | AP7: 0 | AQ7: 0 | AR7: 0 | AS7: 0 | AT7: 0 | AU7: 0
A8: Deerfield | B8: Cumberland | C8: 3401116900 | D8: township | E8: queued | F8: 205 | G8: Cedar Rose Vineyards | H8: 45466 | I8: Cedar Rose Vineyards | J8: https://www.cedarrosevineyards.com/ | K8: https://en.wikipedia.org/wiki/Deerfield_Township,_New_Jersey | L8: 0 | M8: 0 | N8: 0 | O8: 0 | P8: 0 | Q8: 0 | R8: 0 | S8: 0 | T8: 0 | U8: 0 | V8: 0 | W8: 0 | X8: 0 | Y8: 0 | Z8: 0 | AA8: 0 | AB8: 0 | AC8: 0 | AD8: 0 | AE8: 0 | AF8: 0 | AG8: 0 | AH8: 0 | AI8: 0 | AJ8: 0 | AK8: 0 | AL8: 0 | AM8: 0 | AN8: 0 | AO8: 0 | AP8: 0 | AQ8: 0 | AR8: 0 | AS8: 0 | AT8: 0 | AU8: 0
A9: Downe | B9: Cumberland | C9: 3401118220 | D9: township | E9: queued | F9: 203 | G9: The Charlesworth Restaurant | H9: 45465 | I9: The Charlesworth Hotel & Restaurant | J9: https://www.charlesworthrestaurant.com/ | K9: https://en.wikipedia.org/wiki/Downe_Township,_New_Jersey | L9: 0 | M9: 0 | N9: 0 | O9: 0 | P9: 0 | Q9: 0 | R9: 0 | S9: 0 | T9: 0 | U9: 0 | V9: 0 | W9: 0 | X9: 0 | Y9: 0 | Z9: 0 | AA9: 0 | AB9: 0 | AC9: 0 | AD9: 0 | AE9: 0 | AF9: 0 | AG9: 0 | AH9: 0 | AI9: 0 | AJ9: 0 | AK9: 0 | AL9: 0 | AM9: 0 | AN9: 0 | AO9: 0 | AP9: 0 | AQ9: 0 | AR9: 0 | AS9: 0 | AT9: 0 | AU9: 0
A10: Fairfield | B10: Cumberland | C10: 3401122350 | D10: township | E10: queued | F10: 202 | G10: Antojitos Guerrero Mx | H10: 111208 | I10: Antojitos Guerrero Mx | J10: https://www.antojitosguerreromxnj.com/ | K10: https://en.wikipedia.org/wiki/Fairfield_Township,_Cumberland_County,_New_Jersey | L10: 0 | M10: 0 | N10: 0 | O10: 0 | P10: 0 | Q10: 0 | R10: 0 | S10: 0 | T10: 0 | U10: 0 | V10: 0 | W10: 0 | X10: 0 | Y10: 0 | Z10: 0 | AA10: 0 | AB10: 0 | AC10: 0 | AD10: 0 | AE10: 0 | AF10: 0 | AG10: 0 | AH10: 0 | AI10: 0 | AJ10: 0 | AK10: 0 | AL10: 0 | AM10: 0 | AN10: 0 | AO10: 0 | AP10: 0 | AQ10: 0 | AR10: 0 | AS10: 0 | AT10: 0 | AU10: 0
A11: Greenwich | B11: Cumberland | C11: 3401128170 | D11: township | E11: queued | F11: 185 | G11: The Bait Box | H11: 45388 | I11: Bait Box Restaurant | J11: http://www.hancockharbor.com/ | K11: https://en.wikipedia.org/wiki/Greenwich_Township,_Cumberland_County,_New_Jersey | L11: 0 | M11: 0 | N11: 0 | O11: 0 | P11: 0 | Q11: 0 | R11: 0 | S11: 0 | T11: 0 | U11: 0 | V11: 0 | W11: 0 | X11: 0 | Y11: 0 | Z11: 0 | AA11: 0 | AB11: 0 | AC11: 0 | AD11: 0 | AE11: 0 | AF11: 0 | AG11: 0 | AH11: 0 | AI11: 0 | AJ11: 0 | AK11: 0 | AL11: 0 | AM11: 0 | AN11: 0 | AO11: 0 | AP11: 0 | AQ11: 0 | AR11: 0 | AS11: 0 | AT11: 0 | AU11: 0
A12: Hopewell | B12: Cumberland | C12: 3401133120 | D12: township | E12: queued | F12: 198 | G12: The Greater Bridgeton Amish Market | H12: 45444 | I12: The Greater Bridgeton Amish Farm Market | J12: https://bridgetonamishmarket.com/ | K12: https://en.wikipedia.org/wiki/Hopewell_Township,_Cumberland_County,_New_Jersey | L12: 0 | M12: 0 | N12: 0 | O12: 0 | P12: 0 | Q12: 0 | R12: 0 | S12: 0 | T12: 0 | U12: 0 | V12: 0 | W12: 0 | X12: 0 | Y12: 0 | Z12: 0 | AA12: 0 | AB12: 0 | AC12: 0 | AD12: 0 | AE12: 0 | AF12: 0 | AG12: 0 | AH12: 0 | AI12: 0 | AJ12: 0 | AK12: 0 | AL12: 0 | AM12: 0 | AN12: 0 | AO12: 0 | AP12: 0 | AQ12: 0 | AR12: 0 | AS12: 0 | AT12: 0 | AU12: 0
A13: Lawrence | B13: Cumberland | C13: 3401139450 | D13: township | E13: queued | F13: 199 | G13: Bull on the Barn Bayshore Crab House | H13: 45444 | I13: Bayshore Crab House | J13: https://www.bayshorecrabhouse.com/ | K13: https://en.wikipedia.org/wiki/Lawrence_Township,_Cumberland_County,_New_Jersey | L13: 0 | M13: 0 | N13: 0 | O13: 0 | P13: 0 | Q13: 0 | R13: 0 | S13: 0 | T13: 0 | U13: 0 | V13: 0 | W13: 0 | X13: 0 | Y13: 0 | Z13: 0 | AA13: 0 | AB13: 0 | AC13: 0 | AD13: 0 | AE13: 0 | AF13: 0 | AG13: 0 | AH13: 0 | AI13: 0 | AJ13: 0 | AK13: 0 | AL13: 0 | AM13: 0 | AN13: 0 | AO13: 0 | AP13: 0 | AQ13: 0 | AR13: 0 | AS13: 0 | AT13: 0 | AU13: 0
A14: Maurice River | B14: Cumberland | C14: 3401144580 | D14: township | E14: queued | F14: 170 | G14: Maurice River Diner | H14: 45318 | I14: Maurice River Diner | J14: https://www.mauriceriverdiner.com/ | K14: https://en.wikipedia.org/wiki/Maurice_River_Township,_New_Jersey | L14: 0 | M14: 0 | N14: 0 | O14: 0 | P14: 0 | Q14: 0 | R14: 0 | S14: 0 | T14: 0 | U14: 0 | V14: 0 | W14: 0 | X14: 0 | Y14: 0 | Z14: 0 | AA14: 0 | AB14: 0 | AC14: 0 | AD14: 0 | AE14: 0 | AF14: 0 | AG14: 0 | AH14: 0 | AI14: 0 | AJ14: 0 | AK14: 0 | AL14: 0 | AM14: 0 | AN14: 0 | AO14: 0 | AP14: 0 | AQ14: 0 | AR14: 0 | AS14: 0 | AT14: 0 | AU14: 0
A15: Millville | B15: Cumberland | C15: 3401146680 | D15: city | E15: queued | F15: 172 | G15: Old Oar House Irish Pub | H15: 45318 | I15: Old Oar House Irish Pub | J15: https://oldoarhouse.com/ | K15: https://en.wikipedia.org/wiki/Millville,_New_Jersey | L15: 0 | M15: 0 | N15: 0 | O15: 0 | P15: 0 | Q15: 0 | R15: 0 | S15: 0 | T15: 0 | U15: 0 | V15: 0 | W15: 0 | X15: 0 | Y15: 0 | Z15: 0 | AA15: 0 | AB15: 0 | AC15: 0 | AD15: 0 | AE15: 0 | AF15: 0 | AG15: 0 | AH15: 0 | AI15: 0 | AJ15: 0 | AK15: 0 | AL15: 0 | AM15: 0 | AN15: 0 | AO15: 0 | AP15: 0 | AQ15: 0 | AR15: 0 | AS15: 0 | AT15: 0 | AU15: 0
A16: Shiloh | B16: Cumberland | C16: 3401167020 | D16: borough | E16: queued | F16: 196 | G16: Shiloh Market | H16: 45444 | I16: 0 | J16: 0 | K16: https://en.wikipedia.org/wiki/Shiloh,_New_Jersey | L16: 0 | M16: 0 | N16: 0 | O16: 0 | P16: 0 | Q16: 0 | R16: 0 | S16: 0 | T16: 0 | U16: 0 | V16: 0 | W16: 0 | X16: 0 | Y16: 0 | Z16: 0 | AA16: 0 | AB16: 0 | AC16: 0 | AD16: 0 | AE16: 0 | AF16: 0 | AG16: 0 | AH16: 0 | AI16: 0 | AJ16: 0 | AK16: 0 | AL16: 0 | AM16: 0 | AN16: 0 | AO16: 0 | AP16: 0 | AQ16: 0 | AR16: 0 | AS16: 0 | AT16: 0 | AU16: 0
A17: Stow Creek | B17: Cumberland | C17: 3401171160 | D17: township | E17: queued | F17: 197 | G17: Stow Creek Landing (Picnic) | H17: 45444 | I17: 0 | J17: 0 | K17: https://en.wikipedia.org/wiki/Stow_Creek_Township,_New_Jersey | L17: 0 | M17: 0 | N17: 0 | O17: 0 | P17: 0 | Q17: 0 | R17: 0 | S17: 0 | T17: 0 | U17: 0 | V17: 0 | W17: 0 | X17: 0 | Y17: 0 | Z17: 0 | AA17: 0 | AB17: 0 | AC17: 0 | AD17: 0 | AE17: 0 | AF17: 0 | AG17: 0 | AH17: 0 | AI17: 0 | AJ17: 0 | AK17: 0 | AL17: 0 | AM17: 0 | AN17: 0 | AO17: 0 | AP17: 0 | AQ17: 0 | AR17: 0 | AS17: 0 | AT17: 0 | AU17: 0
A18: Upper Deerfield | B18: Cumberland | C18: 3401174870 | D18: township | E18: queued | F18: 204 | G18: Golden Pigeon Diner | H18: 45466 | I18: Golden Pigeon Diner | J18: https://www.goldenpigeondiner.com/ | K18: https://en.wikipedia.org/wiki/Upper_Deerfield_Township,_New_Jersey | L18: 0 | M18: 0 | N18: 0 | O18: 0 | P18: 0 | Q18: 0 | R18: 0 | S18: 0 | T18: 0 | U18: 0 | V18: 0 | W18: 0 | X18: 0 | Y18: 0 | Z18: 0 | AA18: 0 | AB18: 0 | AC18: 0 | AD18: 0 | AE18: 0 | AF18: 0 | AG18: 0 | AH18: 0 | AI18: 0 | AJ18: 0 | AK18: 0 | AL18: 0 | AM18: 0 | AN18: 0 | AO18: 0 | AP18: 0 | AQ18: 0 | AR18: 0 | AS18: 0 | AT18: 0 | AU18: 0
A19: Vineland | B19: Cumberland | C19: 3401176070 | D19: city | E19: queued | F19: 206 | G19: El Cilantro Mexican Restaurant | H19: 45466 | I19: Cilantro Mexican Restaurant | J19: https://www.cilantromexicanrestaurantnj.com/ | K19: https://en.wikipedia.org/wiki/Vineland,_New_Jersey | L19: 0 | M19: 0 | N19: 0 | O19: 0 | P19: 0 | Q19: 0 | R19: 0 | S19: 0 | T19: 0 | U19: 0 | V19: 0 | W19: 0 | X19: 0 | Y19: 0 | Z19: 0 | AA19: 0 | AB19: 0 | AC19: 0 | AD19: 0 | AE19: 0 | AF19: 0 | AG19: 0 | AH19: 0 | AI19: 0 | AJ19: 0 | AK19: 0 | AL19: 0 | AM19: 0 | AN19: 0 | AO19: 0 | AP19: 0 | AQ19: 0 | AR19: 0 | AS19: 0 | AT19: 0 | AU19: 0

Sheet Essex
A1: Essex County
A2: Total Towns | B2: =COUNTIF(Data!B$3:B$602,"Essex") -> 22 | C2: Visited | D2: =COUNTIFS(Data!B$3:B$602,"Essex",Data!E3:E602,"visited")+COUNTIFS(Data!B$3:B$602,"Essex",Data!E3:E602,"queued")+COUNTIFS(Data!B$3:B$602,"Essex",Data!E3:E602,"pre-challenge") -> 9 | E2: To Go | F2: =B2-D2 -> 13
A4: MUNICIPALITY | E4: VISIT DATA | I4: RESTAURANT LINK | K4: WIKIPEDIA | L4: INSTAGRAM | P4: TIKTOK | T4: YOUTUBE | X4: THREADS | AB4: BLUESKY | AF4: FACEBOOK | AJ4: EXTRA / OVERFLOW LINKS
A5: name | B5: county | C5: geoid | D5: townType | E5: status | F5: visitNumber | G5: restaurantName | H5: dateVisited | I5: restaurant_label | J5: restaurant_url | K5: wikipedia_url | L5: instagram1_label | M5: instagram1_url | N5: instagram2_label | O5: instagram2_url | P5: tiktok1_label | Q5: tiktok1_url | R5: tiktok2_label | S5: tiktok2_url | T5: youtube1_label | U5: youtube1_url | V5: youtube2_label | W5: youtube2_url | X5: threads1_label | Y5: threads1_url | Z5: threads2_label | AA5: threads2_url | AB5: bluesky1_label | AC5: bluesky1_url | AD5: bluesky2_label | AE5: bluesky2_url | AF5: facebook1_label | AG5: facebook1_url | AH5: facebook2_label | AI5: facebook2_url | AJ5: extra1_category | AK5: extra1_platform | AL5: extra1_label | AM5: extra1_url | AN5: extra2_category | AO5: extra2_platform | AP5: extra2_label | AQ5: extra2_url | AR5: extra3_category | AS5: extra3_platform | AT5: extra3_label | AU5: extra3_url
A6: {=_xlfn._xlws.FILTER(Data!A$3:AU$602,Data!B$3:B$602="Essex","")} -> Belleville | B6: Essex | C6: 3401304695 | D6: township | E6: unvisited | F6: 0 | G6: 0 | H6: 0 | I6: 0 | J6: 0 | K6: https://en.wikipedia.org/wiki/Belleville_Township,_New_Jersey | L6: 0 | M6: 0 | N6: 0 | O6: 0 | P6: 0 | Q6: 0 | R6: 0 | S6: 0 | T6: 0 | U6: 0 | V6: 0 | W6: 0 | X6: 0 | Y6: 0 | Z6: 0 | AA6: 0 | AB6: 0 | AC6: 0 | AD6: 0 | AE6: 0 | AF6: 0 | AG6: 0 | AH6: 0 | AI6: 0 | AJ6: 0 | AK6: 0 | AL6: 0 | AM6: 0 | AN6: 0 | AO6: 0 | AP6: 0 | AQ6: 0 | AR6: 0 | AS6: 0 | AT6: 0 | AU6: 0
A7: Bloomfield | B7: Essex | C7: 3401306260 | D7: township | E7: unvisited | F7: 0 | G7: 0 | H7: 0 | I7: 0 | J7: 0 | K7: https://en.wikipedia.org/wiki/Bloomfield_Township,_New_Jersey | L7: 0 | M7: 0 | N7: 0 | O7: 0 | P7: 0 | Q7: 0 | R7: 0 | S7: 0 | T7: 0 | U7: 0 | V7: 0 | W7: 0 | X7: 0 | Y7: 0 | Z7: 0 | AA7: 0 | AB7: 0 | AC7: 0 | AD7: 0 | AE7: 0 | AF7: 0 | AG7: 0 | AH7: 0 | AI7: 0 | AJ7: 0 | AK7: 0 | AL7: 0 | AM7: 0 | AN7: 0 | AO7: 0 | AP7: 0 | AQ7: 0 | AR7: 0 | AS7: 0 | AT7: 0 | AU7: 0
A8: Caldwell | B8: Essex | C8: 3401309250 | D8: borough | E8: unvisited | F8: 0 | G8: 0 | H8: 0 | I8: 0 | J8: 0 | K8: https://en.wikipedia.org/wiki/Caldwell,_New_Jersey | L8: 0 | M8: 0 | N8: 0 | O8: 0 | P8: 0 | Q8: 0 | R8: 0 | S8: 0 | T8: 0 | U8: 0 | V8: 0 | W8: 0 | X8: 0 | Y8: 0 | Z8: 0 | AA8: 0 | AB8: 0 | AC8: 0 | AD8: 0 | AE8: 0 | AF8: 0 | AG8: 0 | AH8: 0 | AI8: 0 | AJ8: 0 | AK8: 0 | AL8: 0 | AM8: 0 | AN8: 0 | AO8: 0 | AP8: 0 | AQ8: 0 | AR8: 0 | AS8: 0 | AT8: 0 | AU8: 0
A9: Cedar Grove | B9: Essex | C9: 3401311200 | D9: township | E9: queued | F9: 279 | G9: Gigi's Cafe | H9: 45928 | I9: Gigi's Cafe | J9: https://gigiscafe.net/ | K9: https://en.wikipedia.org/wiki/Cedar_Grove_Township,_New_Jersey | L9: 0 | M9: 0 | N9: 0 | O9: 0 | P9: 0 | Q9: 0 | R9: 0 | S9: 0 | T9: 0 | U9: 0 | V9: 0 | W9: 0 | X9: 0 | Y9: 0 | Z9: 0 | AA9: 0 | AB9: 0 | AC9: 0 | AD9: 0 | AE9: 0 | AF9: 0 | AG9: 0 | AH9: 0 | AI9: 0 | AJ9: 0 | AK9: 0 | AL9: 0 | AM9: 0 | AN9: 0 | AO9: 0 | AP9: 0 | AQ9: 0 | AR9: 0 | AS9: 0 | AT9: 0 | AU9: 0
A10: City of Orange | B10: Essex | C10: 3401313045 | D10: township | E10: unvisited | F10: 0 | G10: 0 | H10: 0 | I10: 0 | J10: 0 | K10: https://en.wikipedia.org/wiki/City_of_Orange_Township,_New_Jersey | L10: 0 | M10: 0 | N10: 0 | O10: 0 | P10: 0 | Q10: 0 | R10: 0 | S10: 0 | T10: 0 | U10: 0 | V10: 0 | W10: 0 | X10: 0 | Y10: 0 | Z10: 0 | AA10: 0 | AB10: 0 | AC10: 0 | AD10: 0 | AE10: 0 | AF10: 0 | AG10: 0 | AH10: 0 | AI10: 0 | AJ10: 0 | AK10: 0 | AL10: 0 | AM10: 0 | AN10: 0 | AO10: 0 | AP10: 0 | AQ10: 0 | AR10: 0 | AS10: 0 | AT10: 0 | AU10: 0
A11: East Orange | B11: Essex | C11: 3401319390 | D11: city | E11: unvisited | F11: 0 | G11: 0 | H11: 0 | I11: 0 | J11: 0 | K11: https://en.wikipedia.org/wiki/East_Orange,_New_Jersey | L11: 0 | M11: 0 | N11: 0 | O11: 0 | P11: 0 | Q11: 0 | R11: 0 | S11: 0 | T11: 0 | U11: 0 | V11: 0 | W11: 0 | X11: 0 | Y11: 0 | Z11: 0 | AA11: 0 | AB11: 0 | AC11: 0 | AD11: 0 | AE11: 0 | AF11: 0 | AG11: 0 | AH11: 0 | AI11: 0 | AJ11: 0 | AK11: 0 | AL11: 0 | AM11: 0 | AN11: 0 | AO11: 0 | AP11: 0 | AQ11: 0 | AR11: 0 | AS11: 0 | AT11: 0 | AU11: 0
A12: Essex Fells | B12: Essex | C12: 3401321840 | D12: borough | E12: unvisited | F12: 0 | G12: 0 | H12: 0 | I12: 0 | J12: 0 | K12: https://en.wikipedia.org/wiki/Essex_Fells,_New_Jersey | L12: 0 | M12: 0 | N12: 0 | O12: 0 | P12: 0 | Q12: 0 | R12: 0 | S12: 0 | T12: 0 | U12: 0 | V12: 0 | W12: 0 | X12: 0 | Y12: 0 | Z12: 0 | AA12: 0 | AB12: 0 | AC12: 0 | AD12: 0 | AE12: 0 | AF12: 0 | AG12: 0 | AH12: 0 | AI12: 0 | AJ12: 0 | AK12: 0 | AL12: 0 | AM12: 0 | AN12: 0 | AO12: 0 | AP12: 0 | AQ12: 0 | AR12: 0 | AS12: 0 | AT12: 0 | AU12: 0
A13: Fairfield | B13: Essex | C13: 3401322385 | D13: township | E13: unvisited | F13: 0 | G13: 0 | H13: 0 | I13: 0 | J13: 0 | K13: https://en.wikipedia.org/wiki/Fairfield_Township,_Essex_County,_New_Jersey | L13: 0 | M13: 0 | N13: 0 | O13: 0 | P13: 0 | Q13: 0 | R13: 0 | S13: 0 | T13: 0 | U13: 0 | V13: 0 | W13: 0 | X13: 0 | Y13: 0 | Z13: 0 | AA13: 0 | AB13: 0 | AC13: 0 | AD13: 0 | AE13: 0 | AF13: 0 | AG13: 0 | AH13: 0 | AI13: 0 | AJ13: 0 | AK13: 0 | AL13: 0 | AM13: 0 | AN13: 0 | AO13: 0 | AP13: 0 | AQ13: 0 | AR13: 0 | AS13: 0 | AT13: 0 | AU13: 0
A14: Glen Ridge | B14: Essex | C14: 3401326610 | D14: borough | E14: unvisited | F14: 0 | G14: 0 | H14: 0 | I14: 0 | J14: 0 | K14: https://en.wikipedia.org/wiki/Glen_Ridge,_New_Jersey | L14: 0 | M14: 0 | N14: 0 | O14: 0 | P14: 0 | Q14: 0 | R14: 0 | S14: 0 | T14: 0 | U14: 0 | V14: 0 | W14: 0 | X14: 0 | Y14: 0 | Z14: 0 | AA14: 0 | AB14: 0 | AC14: 0 | AD14: 0 | AE14: 0 | AF14: 0 | AG14: 0 | AH14: 0 | AI14: 0 | AJ14: 0 | AK14: 0 | AL14: 0 | AM14: 0 | AN14: 0 | AO14: 0 | AP14: 0 | AQ14: 0 | AR14: 0 | AS14: 0 | AT14: 0 | AU14: 0
A15: Irvington | B15: Essex | C15: 3401334450 | D15: township | E15: visited | F15: 109 | G15: Antojitos Restaurant | H15: 45166 | I15: Antojitos Restaurant Bar | J15: https://www.antojitosrestaurantnj.com/ | K15: https://en.wikipedia.org/wiki/Irvington_Township,_New_Jersey | L15: NJ Town #109: Irvington | M15: https://www.instagram.com/p/DHEjubkRS09/ | N15: 0 | O15: 0 | P15: 0 | Q15: 0 | R15: 0 | S15: 0 | T15: 0 | U15: 0 | V15: 0 | W15: 0 | X15: 0 | Y15: 0 | Z15: 0 | AA15: 0 | AB15: 0 | AC15: 0 | AD15: 0 | AE15: 0 | AF15: 0 | AG15: 0 | AH15: 0 | AI15: 0 | AJ15: 0 | AK15: 0 | AL15: Town #109 | AM15: https://www.instagram.com/p/DHEjubkRS09/ | AN15: 0 | AO15: 0 | AP15: 0 | AQ15: 0 | AR15: 0 | AS15: 0 | AT15: 0 | AU15: 0
A16: Livingston | B16: Essex | C16: 3401340890 | D16: township | E16: queued | F16: 228 | G16: Sweet Basil's Cafe & Grille | H16: 45536 | I16: Sweet Basil's Cafe | J16: https://www.sweetbasilscafe.com/ | K16: https://en.wikipedia.org/wiki/Livingston_Township,_New_Jersey | L16: 0 | M16: 0 | N16: 0 | O16: 0 | P16: 0 | Q16: 0 | R16: 0 | S16: 0 | T16: 0 | U16: 0 | V16: 0 | W16: 0 | X16: 0 | Y16: 0 | Z16: 0 | AA16: 0 | AB16: 0 | AC16: 0 | AD16: 0 | AE16: 0 | AF16: 0 | AG16: 0 | AH16: 0 | AI16: 0 | AJ16: 0 | AK16: 0 | AL16: 0 | AM16: 0 | AN16: 0 | AO16: 0 | AP16: 0 | AQ16: 0 | AR16: 0 | AS16: 0 | AT16: 0 | AU16: 0
A17: Maplewood | B17: Essex | C17: 3401343800 | D17: township | E17: queued | F17: 175 | G17: Mt Fuji Restaurant | H17: 45331 | I17: Mt Fuji Restaurant | J17: https://www.mtfujimaplewood.com/ | K17: https://en.wikipedia.org/wiki/Maplewood_Township,_New_Jersey | L17: 0 | M17: 0 | N17: 0 | O17: 0 | P17: 0 | Q17: 0 | R17: 0 | S17: 0 | T17: 0 | U17: 0 | V17: 0 | W17: 0 | X17: 0 | Y17: 0 | Z17: 0 | AA17: 0 | AB17: 0 | AC17: 0 | AD17: 0 | AE17: 0 | AF17: 0 | AG17: 0 | AH17: 0 | AI17: 0 | AJ17: 0 | AK17: 0 | AL17: 0 | AM17: 0 | AN17: 0 | AO17: 0 | AP17: 0 | AQ17: 0 | AR17: 0 | AS17: 0 | AT17: 0 | AU17: 0
A18: Millburn | B18: Essex | C18: 3401346380 | D18: township | E18: pre-challenge | F18: 0 | G18: Primo Mercato | H18: 44734 | I18: 0 | J18: 0 | K18: https://en.wikipedia.org/wiki/Millburn_Township,_New_Jersey | L18: 0 | M18: 0 | N18: 0 | O18: 0 | P18: 0 | Q18: 0 | R18: 0 | S18: 0 | T18: 0 | U18: 0 | V18: 0 | W18: 0 | X18: 0 | Y18: 0 | Z18: 0 | AA18: 0 | AB18: 0 | AC18: 0 | AD18: 0 | AE18: 0 | AF18: 0 | AG18: 0 | AH18: 0 | AI18: 0 | AJ18: 0 | AK18: 0 | AL18: 0 | AM18: 0 | AN18: 0 | AO18: 0 | AP18: 0 | AQ18: 0 | AR18: 0 | AS18: 0 | AT18: 0 | AU18: 0
A19: Montclair | B19: Essex | C19: 3401347500 | D19: township | E19: pre-challenge | F19: 0 | G19: Cuban Pete's | H19: 42547 | I19: Cuban Pete's | J19: https://cubanpetesrestaurant.com/ | K19: https://en.wikipedia.org/wiki/Montclair_Township,_New_Jersey | L19: 0 | M19: 0 | N19: 0 | O19: 0 | P19: 0 | Q19: 0 | R19: 0 | S19: 0 | T19: 0 | U19: 0 | V19: 0 | W19: 0 | X19: 0 | Y19: 0 | Z19: 0 | AA19: 0 | AB19: 0 | AC19: 0 | AD19: 0 | AE19: 0 | AF19: 0 | AG19: 0 | AH19: 0 | AI19: 0 | AJ19: 0 | AK19: 0 | AL19: 0 | AM19: 0 | AN19: 0 | AO19: 0 | AP19: 0 | AQ19: 0 | AR19: 0 | AS19: 0 | AT19: 0 | AU19: 0
A20: Newark | B20: Essex | C20: 3401351000 | D20: city | E20: pre-challenge | F20: 0 | G20: Casa d'Paco | H20: 44772 | I20: Casa d'Paco | J20: https://casadepaconj.com/ | K20: https://en.wikipedia.org/wiki/Newark,_New_Jersey | L20: 0 | M20: 0 | N20: 0 | O20: 0 | P20: 0 | Q20: 0 | R20: 0 | S20: 0 | T20: 0 | U20: 0 | V20: 0 | W20: 0 | X20: 0 | Y20: 0 | Z20: 0 | AA20: 0 | AB20: 0 | AC20: 0 | AD20: 0 | AE20: 0 | AF20: 0 | AG20: 0 | AH20: 0 | AI20: 0 | AJ20: 0 | AK20: 0 | AL20: 0 | AM20: 0 | AN20: 0 | AO20: 0 | AP20: 0 | AQ20: 0 | AR20: 0 | AS20: 0 | AT20: 0 | AU20: 0
A21: North Caldwell | B21: Essex | C21: 3401352620 | D21: borough | E21: unvisited | F21: 0 | G21: 0 | H21: 0 | I21: 0 | J21: 0 | K21: https://en.wikipedia.org/wiki/North_Caldwell,_New_Jersey | L21: 0 | M21: 0 | N21: 0 | O21: 0 | P21: 0 | Q21: 0 | R21: 0 | S21: 0 | T21: 0 | U21: 0 | V21: 0 | W21: 0 | X21: 0 | Y21: 0 | Z21: 0 | AA21: 0 | AB21: 0 | AC21: 0 | AD21: 0 | AE21: 0 | AF21: 0 | AG21: 0 | AH21: 0 | AI21: 0 | AJ21: 0 | AK21: 0 | AL21: 0 | AM21: 0 | AN21: 0 | AO21: 0 | AP21: 0 | AQ21: 0 | AR21: 0 | AS21: 0 | AT21: 0 | AU21: 0
A22: Nutley | B22: Essex | C22: 3401353680 | D22: township | E22: queued | F22: 222 | G22: Sonoma Bistro Bar & Grill | H22: 45522 | I22: Sonoma Bistro Bar and Grill | J22: https://sonomabistrobarnutley.com/ | K22: https://en.wikipedia.org/wiki/Nutley_Township,_New_Jersey | L22: 0 | M22: 0 | N22: 0 | O22: 0 | P22: 0 | Q22: 0 | R22: 0 | S22: 0 | T22: 0 | U22: 0 | V22: 0 | W22: 0 | X22: 0 | Y22: 0 | Z22: 0 | AA22: 0 | AB22: 0 | AC22: 0 | AD22: 0 | AE22: 0 | AF22: 0 | AG22: 0 | AH22: 0 | AI22: 0 | AJ22: 0 | AK22: 0 | AL22: 0 | AM22: 0 | AN22: 0 | AO22: 0 | AP22: 0 | AQ22: 0 | AR22: 0 | AS22: 0 | AT22: 0 | AU22: 0
A23: Roseland | B23: Essex | C23: 3401364590 | D23: borough | E23: unvisited | F23: 0 | G23: 0 | H23: 0 | I23: 0 | J23: 0 | K23: https://en.wikipedia.org/wiki/Roseland,_New_Jersey | L23: 0 | M23: 0 | N23: 0 | O23: 0 | P23: 0 | Q23: 0 | R23: 0 | S23: 0 | T23: 0 | U23: 0 | V23: 0 | W23: 0 | X23: 0 | Y23: 0 | Z23: 0 | AA23: 0 | AB23: 0 | AC23: 0 | AD23: 0 | AE23: 0 | AF23: 0 | AG23: 0 | AH23: 0 | AI23: 0 | AJ23: 0 | AK23: 0 | AL23: 0 | AM23: 0 | AN23: 0 | AO23: 0 | AP23: 0 | AQ23: 0 | AR23: 0 | AS23: 0 | AT23: 0 | AU23: 0
A24: South Orange Village | B24: Essex | C24: 3401369274 | D24: township | E24: unvisited | F24: 0 | G24: 0 | H24: 0 | I24: 0 | J24: 0 | K24: https://en.wikipedia.org/wiki/South_Orange_Village_Township,_New_Jersey | L24: 0 | M24: 0 | N24: 0 | O24: 0 | P24: 0 | Q24: 0 | R24: 0 | S24: 0 | T24: 0 | U24: 0 | V24: 0 | W24: 0 | X24: 0 | Y24: 0 | Z24: 0 | AA24: 0 | AB24: 0 | AC24: 0 | AD24: 0 | AE24: 0 | AF24: 0 | AG24: 0 | AH24: 0 | AI24: 0 | AJ24: 0 | AK24: 0 | AL24: 0 | AM24: 0 | AN24: 0 | AO24: 0 | AP24: 0 | AQ24: 0 | AR24: 0 | AS24: 0 | AT24: 0 | AU24: 0
A25: Verona | B25: Essex | C25: 3401375815 | D25: township | E25: unvisited | F25: 0 | G25: 0 | H25: 0 | I25: 0 | J25: 0 | K25: https://en.wikipedia.org/wiki/Verona_Township,_New_Jersey | L25: 0 | M25: 0 | N25: 0 | O25: 0 | P25: 0 | Q25: 0 | R25: 0 | S25: 0 | T25: 0 | U25: 0 | V25: 0 | W25: 0 | X25: 0 | Y25: 0 | Z25: 0 | AA25: 0 | AB25: 0 | AC25: 0 | AD25: 0 | AE25: 0 | AF25: 0 | AG25: 0 | AH25: 0 | AI25: 0 | AJ25: 0 | AK25: 0 | AL25: 0 | AM25: 0 | AN25: 0 | AO25: 0 | AP25: 0 | AQ25: 0 | AR25: 0 | AS25: 0 | AT25: 0 | AU25: 0
A26: West Caldwell | B26: Essex | C26: 3401378510 | D26: township | E26: unvisited | F26: 0 | G26: 0 | H26: 0 | I26: 0 | J26: 0 | K26: https://en.wikipedia.org/wiki/West_Caldwell_Township,_New_Jersey | L26: 0 | M26: 0 | N26: 0 | O26: 0 | P26: 0 | Q26: 0 | R26: 0 | S26: 0 | T26: 0 | U26: 0 | V26: 0 | W26: 0 | X26: 0 | Y26: 0 | Z26: 0 | AA26: 0 | AB26: 0 | AC26: 0 | AD26: 0 | AE26: 0 | AF26: 0 | AG26: 0 | AH26: 0 | AI26: 0 | AJ26: 0 | AK26: 0 | AL26: 0 | AM26: 0 | AN26: 0 | AO26: 0 | AP26: 0 | AQ26: 0 | AR26: 0 | AS26: 0 | AT26: 0 | AU26: 0
A27: West Orange | B27: Essex | C27: 3401379800 | D27: township | E27: queued | F27: 229 | G27: McLoone's Boathouse | H27: 45536 | I27: McLoone's Boathouse | J27: https://www.mcloonesboathouse.com/ | K27: https://en.wikipedia.org/wiki/West_Orange_Township,_New_Jersey | L27: 0 | M27: 0 | N27: 0 | O27: 0 | P27: 0 | Q27: 0 | R27: 0 | S27: 0 | T27: 0 | U27: 0 | V27: 0 | W27: 0 | X27: 0 | Y27: 0 | Z27: 0 | AA27: 0 | AB27: 0 | AC27: 0 | AD27: 0 | AE27: 0 | AF27: 0 | AG27: 0 | AH27: 0 | AI27: 0 | AJ27: 0 | AK27: 0 | AL27: 0 | AM27: 0 | AN27: 0 | AO27: 0 | AP27: 0 | AQ27: 0 | AR27: 0 | AS27: 0 | AT27: 0 | AU27: 0

Sheet Gloucester
A1: Gloucester County
A2: Total Towns | B2: =COUNTIF(Data!B$3:B$602,"Gloucester") -> 24 | C2: Visited | D2: =COUNTIFS(Data!B$3:B$602,"Gloucester",Data!E3:E602,"visited")+COUNTIFS(Data!B$3:B$602,"Gloucester",Data!E3:E602,"queued")+COUNTIFS(Data!B$3:B$602,"Gloucester",Data!E3:E602,"pre-challenge") -> 10 | E2: To Go | F2: =B2-D2 -> 14
A4: MUNICIPALITY | E4: VISIT DATA | I4: RESTAURANT LINK | K4: WIKIPEDIA | L4: INSTAGRAM | P4: TIKTOK | T4: YOUTUBE | X4: THREADS | AB4: BLUESKY | AF4: FACEBOOK | AJ4: EXTRA / OVERFLOW LINKS
A5: name | B5: county | C5: geoid | D5: townType | E5: status | F5: visitNumber | G5: restaurantName | H5: dateVisited | I5: restaurant_label | J5: restaurant_url | K5: wikipedia_url | L5: instagram1_label | M5: instagram1_url | N5: instagram2_label | O5: instagram2_url | P5: tiktok1_label | Q5: tiktok1_url | R5: tiktok2_label | S5: tiktok2_url | T5: youtube1_label | U5: youtube1_url | V5: youtube2_label | W5: youtube2_url | X5: threads1_label | Y5: threads1_url | Z5: threads2_label | AA5: threads2_url | AB5: bluesky1_label | AC5: bluesky1_url | AD5: bluesky2_label | AE5: bluesky2_url | AF5: facebook1_label | AG5: facebook1_url | AH5: facebook2_label | AI5: facebook2_url | AJ5: extra1_category | AK5: extra1_platform | AL5: extra1_label | AM5: extra1_url | AN5: extra2_category | AO5: extra2_platform | AP5: extra2_label | AQ5: extra2_url | AR5: extra3_category | AS5: extra3_platform | AT5: extra3_label | AU5: extra3_url
A6: {=_xlfn._xlws.FILTER(Data!A$3:AU$602,Data!B$3:B$602="Gloucester","")} -> Clayton | B6: Gloucester | C6: 3401513360 | D6: borough | E6: unvisited | F6: 0 | G6: 0 | H6: 0 | I6: 0 | J6: 0 | K6: https://en.wikipedia.org/wiki/Clayton,_New_Jersey | L6: 0 | M6: 0 | N6: 0 | O6: 0 | P6: 0 | Q6: 0 | R6: 0 | S6: 0 | T6: 0 | U6: 0 | V6: 0 | W6: 0 | X6: 0 | Y6: 0 | Z6: 0 | AA6: 0 | AB6: 0 | AC6: 0 | AD6: 0 | AE6: 0 | AF6: 0 | AG6: 0 | AH6: 0 | AI6: 0 | AJ6: 0 | AK6: 0 | AL6: 0 | AM6: 0 | AN6: 0 | AO6: 0 | AP6: 0 | AQ6: 0 | AR6: 0 | AS6: 0 | AT6: 0 | AU6: 0
A7: Deptford | B7: Gloucester | C7: 3401517710 | D7: township | E7: queued | F7: 158 | G7: Umi Hotpot Sushi & Seafood Buffet | H7: 45283 | I7: UMI Hotpot Sushi & Seafood Buffet | J7: https://www.umibuffet.com/ | K7: https://en.wikipedia.org/wiki/Deptford_Township,_New_Jersey | L7: 0 | M7: 0 | N7: 0 | O7: 0 | P7: 0 | Q7: 0 | R7: 0 | S7: 0 | T7: 0 | U7: 0 | V7: 0 | W7: 0 | X7: 0 | Y7: 0 | Z7: 0 | AA7: 0 | AB7: 0 | AC7: 0 | AD7: 0 | AE7: 0 | AF7: 0 | AG7: 0 | AH7: 0 | AI7: 0 | AJ7: 0 | AK7: 0 | AL7: 0 | AM7: 0 | AN7: 0 | AO7: 0 | AP7: 0 | AQ7: 0 | AR7: 0 | AS7: 0 | AT7: 0 | AU7: 0
A8: East Greenwich | B8: Gloucester | C8: 3401519180 | D8: township | E8: unvisited | F8: 0 | G8: 0 | H8: 0 | I8: 0 | J8: 0 | K8: https://en.wikipedia.org/wiki/East_Greenwich_Township,_New_Jersey | L8: 0 | M8: 0 | N8: 0 | O8: 0 | P8: 0 | Q8: 0 | R8: 0 | S8: 0 | T8: 0 | U8: 0 | V8: 0 | W8: 0 | X8: 0 | Y8: 0 | Z8: 0 | AA8: 0 | AB8: 0 | AC8: 0 | AD8: 0 | AE8: 0 | AF8: 0 | AG8: 0 | AH8: 0 | AI8: 0 | AJ8: 0 | AK8: 0 | AL8: 0 | AM8: 0 | AN8: 0 | AO8: 0 | AP8: 0 | AQ8: 0 | AR8: 0 | AS8: 0 | AT8: 0 | AU8: 0
A9: Elk | B9: Gloucester | C9: 3401521060 | D9: township | E9: unvisited | F9: 0 | G9: 0 | H9: 0 | I9: 0 | J9: 0 | K9: https://en.wikipedia.org/wiki/Elk_Township,_New_Jersey | L9: 0 | M9: 0 | N9: 0 | O9: 0 | P9: 0 | Q9: 0 | R9: 0 | S9: 0 | T9: 0 | U9: 0 | V9: 0 | W9: 0 | X9: 0 | Y9: 0 | Z9: 0 | AA9: 0 | AB9: 0 | AC9: 0 | AD9: 0 | AE9: 0 | AF9: 0 | AG9: 0 | AH9: 0 | AI9: 0 | AJ9: 0 | AK9: 0 | AL9: 0 | AM9: 0 | AN9: 0 | AO9: 0 | AP9: 0 | AQ9: 0 | AR9: 0 | AS9: 0 | AT9: 0 | AU9: 0
A10: Franklin | B10: Gloucester | C10: 3401524840 | D10: township | E10: unvisited | F10: 0 | G10: 0 | H10: 0 | I10: 0 | J10: 0 | K10: https://en.wikipedia.org/wiki/Franklin_Township,_Gloucester_County,_New_Jersey | L10: 0 | M10: 0 | N10: 0 | O10: 0 | P10: 0 | Q10: 0 | R10: 0 | S10: 0 | T10: 0 | U10: 0 | V10: 0 | W10: 0 | X10: 0 | Y10: 0 | Z10: 0 | AA10: 0 | AB10: 0 | AC10: 0 | AD10: 0 | AE10: 0 | AF10: 0 | AG10: 0 | AH10: 0 | AI10: 0 | AJ10: 0 | AK10: 0 | AL10: 0 | AM10: 0 | AN10: 0 | AO10: 0 | AP10: 0 | AQ10: 0 | AR10: 0 | AS10: 0 | AT10: 0 | AU10: 0
A11: Glassboro | B11: Gloucester | C11: 3401526340 | D11: borough | E11: unvisited | F11: 0 | G11: 0 | H11: 0 | I11: 0 | J11: 0 | K11: https://en.wikipedia.org/wiki/Glassboro,_New_Jersey | L11: 0 | M11: 0 | N11: 0 | O11: 0 | P11: 0 | Q11: 0 | R11: 0 | S11: 0 | T11: 0 | U11: 0 | V11: 0 | W11: 0 | X11: 0 | Y11: 0 | Z11: 0 | AA11: 0 | AB11: 0 | AC11: 0 | AD11: 0 | AE11: 0 | AF11: 0 | AG11: 0 | AH11: 0 | AI11: 0 | AJ11: 0 | AK11: 0 | AL11: 0 | AM11: 0 | AN11: 0 | AO11: 0 | AP11: 0 | AQ11: 0 | AR11: 0 | AS11: 0 | AT11: 0 | AU11: 0
A12: Greenwich | B12: Gloucester | C12: 3401528185 | D12: township | E12: unvisited | F12: 0 | G12: 0 | H12: 0 | I12: 0 | J12: 0 | K12: https://en.wikipedia.org/wiki/Greenwich_Township,_Gloucester_County,_New_Jersey | L12: 0 | M12: 0 | N12: 0 | O12: 0 | P12: 0 | Q12: 0 | R12: 0 | S12: 0 | T12: 0 | U12: 0 | V12: 0 | W12: 0 | X12: 0 | Y12: 0 | Z12: 0 | AA12: 0 | AB12: 0 | AC12: 0 | AD12: 0 | AE12: 0 | AF12: 0 | AG12: 0 | AH12: 0 | AI12: 0 | AJ12: 0 | AK12: 0 | AL12: 0 | AM12: 0 | AN12: 0 | AO12: 0 | AP12: 0 | AQ12: 0 | AR12: 0 | AS12: 0 | AT12: 0 | AU12: 0
A13: Harrison | B13: Gloucester | C13: 3401530180 | D13: township | E13: queued | F13: 156 | G13: blueplate | H13: 45283 | I13: blueplate | J13: http://www.blueplatenj.com/ | K13: https://en.wikipedia.org/wiki/Harrison_Township,_Gloucester_County,_New_Jersey | L13: 0 | M13: 0 | N13: 0 | O13: 0 | P13: 0 | Q13: 0 | R13: 0 | S13: 0 | T13: 0 | U13: 0 | V13: 0 | W13: 0 | X13: 0 | Y13: 0 | Z13: 0 | AA13: 0 | AB13: 0 | AC13: 0 | AD13: 0 | AE13: 0 | AF13: 0 | AG13: 0 | AH13: 0 | AI13: 0 | AJ13: 0 | AK13: 0 | AL13: 0 | AM13: 0 | AN13: 0 | AO13: 0 | AP13: 0 | AQ13: 0 | AR13: 0 | AS13: 0 | AT13: 0 | AU13: 0
A14: Logan | B14: Gloucester | C14: 3401541160 | D14: township | E14: queued | F14: 188 | G14: BBQ Clubhouse @ Dalton Farms | H14: 45396 | I14: 0 | J14: 0 | K14: https://en.wikipedia.org/wiki/Logan_Township,_New_Jersey | L14: 0 | M14: 0 | N14: 0 | O14: 0 | P14: 0 | Q14: 0 | R14: 0 | S14: 0 | T14: 0 | U14: 0 | V14: 0 | W14: 0 | X14: 0 | Y14: 0 | Z14: 0 | AA14: 0 | AB14: 0 | AC14: 0 | AD14: 0 | AE14: 0 | AF14: 0 | AG14: 0 | AH14: 0 | AI14: 0 | AJ14: 0 | AK14: 0 | AL14: 0 | AM14: 0 | AN14: 0 | AO14: 0 | AP14: 0 | AQ14: 0 | AR14: 0 | AS14: 0 | AT14: 0 | AU14: 0
A15: Mantua | B15: Gloucester | C15: 3401543440 | D15: township | E15: unvisited | F15: 0 | G15: 0 | H15: 0 | I15: 0 | J15: 0 | K15: https://en.wikipedia.org/wiki/Mantua_Township,_New_Jersey | L15: 0 | M15: 0 | N15: 0 | O15: 0 | P15: 0 | Q15: 0 | R15: 0 | S15: 0 | T15: 0 | U15: 0 | V15: 0 | W15: 0 | X15: 0 | Y15: 0 | Z15: 0 | AA15: 0 | AB15: 0 | AC15: 0 | AD15: 0 | AE15: 0 | AF15: 0 | AG15: 0 | AH15: 0 | AI15: 0 | AJ15: 0 | AK15: 0 | AL15: 0 | AM15: 0 | AN15: 0 | AO15: 0 | AP15: 0 | AQ15: 0 | AR15: 0 | AS15: 0 | AT15: 0 | AU15: 0
A16: Monroe | B16: Gloucester | C16: 3401547250 | D16: township | E16: unvisited | F16: 0 | G16: 0 | H16: 0 | I16: 0 | J16: 0 | K16: https://en.wikipedia.org/wiki/Monroe_Township,_Gloucester_County,_New_Jersey | L16: 0 | M16: 0 | N16: 0 | O16: 0 | P16: 0 | Q16: 0 | R16: 0 | S16: 0 | T16: 0 | U16: 0 | V16: 0 | W16: 0 | X16: 0 | Y16: 0 | Z16: 0 | AA16: 0 | AB16: 0 | AC16: 0 | AD16: 0 | AE16: 0 | AF16: 0 | AG16: 0 | AH16: 0 | AI16: 0 | AJ16: 0 | AK16: 0 | AL16: 0 | AM16: 0 | AN16: 0 | AO16: 0 | AP16: 0 | AQ16: 0 | AR16: 0 | AS16: 0 | AT16: 0 | AU16: 0
A17: National Park | B17: Gloucester | C17: 3401549680 | D17: borough | E17: queued | F17: 212 | G17: Coconut Grove Dockside Bar | H17: 45480 | I17: 0 | J17: 0 | K17: https://en.wikipedia.org/wiki/National_Park,_New_Jersey | L17: 0 | M17: 0 | N17: 0 | O17: 0 | P17: 0 | Q17: 0 | R17: 0 | S17: 0 | T17: 0 | U17: 0 | V17: 0 | W17: 0 | X17: 0 | Y17: 0 | Z17: 0 | AA17: 0 | AB17: 0 | AC17: 0 | AD17: 0 | AE17: 0 | AF17: 0 | AG17: 0 | AH17: 0 | AI17: 0 | AJ17: 0 | AK17: 0 | AL17: 0 | AM17: 0 | AN17: 0 | AO17: 0 | AP17: 0 | AQ17: 0 | AR17: 0 | AS17: 0 | AT17: 0 | AU17: 0
A18: Newfield | B18: Gloucester | C18: 3401551390 | D18: borough | E18: unvisited | F18: 0 | G18: 0 | H18: 0 | I18: 0 | J18: 0 | K18: https://en.wikipedia.org/wiki/Newfield,_New_Jersey | L18: 0 | M18: 0 | N18: 0 | O18: 0 | P18: 0 | Q18: 0 | R18: 0 | S18: 0 | T18: 0 | U18: 0 | V18: 0 | W18: 0 | X18: 0 | Y18: 0 | Z18: 0 | AA18: 0 | AB18: 0 | AC18: 0 | AD18: 0 | AE18: 0 | AF18: 0 | AG18: 0 | AH18: 0 | AI18: 0 | AJ18: 0 | AK18: 0 | AL18: 0 | AM18: 0 | AN18: 0 | AO18: 0 | AP18: 0 | AQ18: 0 | AR18: 0 | AS18: 0 | AT18: 0 | AU18: 0
A19: Paulsboro | B19: Gloucester | C19: 3401557150 | D19: borough | E19: queued | F19: 189 | G19: Osteria 545 | H19: 45396 | I19: Osteria 545 | J19: https://www.osteria545.com/ | K19: https://en.wikipedia.org/wiki/Paulsboro,_New_Jersey | L19: 0 | M19: 0 | N19: 0 | O19: 0 | P19: 0 | Q19: 0 | R19: 0 | S19: 0 | T19: 0 | U19: 0 | V19: 0 | W19: 0 | X19: 0 | Y19: 0 | Z19: 0 | AA19: 0 | AB19: 0 | AC19: 0 | AD19: 0 | AE19: 0 | AF19: 0 | AG19: 0 | AH19: 0 | AI19: 0 | AJ19: 0 | AK19: 0 | AL19: 0 | AM19: 0 | AN19: 0 | AO19: 0 | AP19: 0 | AQ19: 0 | AR19: 0 | AS19: 0 | AT19: 0 | AU19: 0
A20: Pitman | B20: Gloucester | C20: 3401559070 | D20: borough | E20: unvisited | F20: 0 | G20: 0 | H20: 0 | I20: 0 | J20: 0 | K20: https://en.wikipedia.org/wiki/Pitman,_New_Jersey | L20: 0 | M20: 0 | N20: 0 | O20: 0 | P20: 0 | Q20: 0 | R20: 0 | S20: 0 | T20: 0 | U20: 0 | V20: 0 | W20: 0 | X20: 0 | Y20: 0 | Z20: 0 | AA20: 0 | AB20: 0 | AC20: 0 | AD20: 0 | AE20: 0 | AF20: 0 | AG20: 0 | AH20: 0 | AI20: 0 | AJ20: 0 | AK20: 0 | AL20: 0 | AM20: 0 | AN20: 0 | AO20: 0 | AP20: 0 | AQ20: 0 | AR20: 0 | AS20: 0 | AT20: 0 | AU20: 0
A21: South Harrison | B21: Gloucester | C21: 3401569030 | D21: township | E21: unvisited | F21: 0 | G21: 0 | H21: 0 | I21: 0 | J21: 0 | K21: https://en.wikipedia.org/wiki/South_Harrison_Township,_New_Jersey | L21: 0 | M21: 0 | N21: 0 | O21: 0 | P21: 0 | Q21: 0 | R21: 0 | S21: 0 | T21: 0 | U21: 0 | V21: 0 | W21: 0 | X21: 0 | Y21: 0 | Z21: 0 | AA21: 0 | AB21: 0 | AC21: 0 | AD21: 0 | AE21: 0 | AF21: 0 | AG21: 0 | AH21: 0 | AI21: 0 | AJ21: 0 | AK21: 0 | AL21: 0 | AM21: 0 | AN21: 0 | AO21: 0 | AP21: 0 | AQ21: 0 | AR21: 0 | AS21: 0 | AT21: 0 | AU21: 0
A22: Swedesboro | B22: Gloucester | C22: 3401571850 | D22: borough | E22: queued | F22: 136 | G22: Hens & Honey | H22: 45235 | I22: Hens & Honey Shoppe | J22: https://hensandhoneyshoppe.com/ | K22: https://en.wikipedia.org/wiki/Swedesboro,_New_Jersey | L22: 0 | M22: 0 | N22: 0 | O22: 0 | P22: 0 | Q22: 0 | R22: 0 | S22: 0 | T22: 0 | U22: 0 | V22: 0 | W22: 0 | X22: 0 | Y22: 0 | Z22: 0 | AA22: 0 | AB22: 0 | AC22: 0 | AD22: 0 | AE22: 0 | AF22: 0 | AG22: 0 | AH22: 0 | AI22: 0 | AJ22: 0 | AK22: 0 | AL22: 0 | AM22: 0 | AN22: 0 | AO22: 0 | AP22: 0 | AQ22: 0 | AR22: 0 | AS22: 0 | AT22: 0 | AU22: 0
A23: Washington | B23: Gloucester | C23: 3401577180 | D23: township | E23: queued | F23: 135 | G23: First Watch | H23: 45235 | I23: First Watch | J23: https://firstwatch.com/ | K23: https://en.wikipedia.org/wiki/Washington_Township,_Gloucester_County,_New_Jersey | L23: 0 | M23: 0 | N23: 0 | O23: 0 | P23: 0 | Q23: 0 | R23: 0 | S23: 0 | T23: 0 | U23: 0 | V23: 0 | W23: 0 | X23: 0 | Y23: 0 | Z23: 0 | AA23: 0 | AB23: 0 | AC23: 0 | AD23: 0 | AE23: 0 | AF23: 0 | AG23: 0 | AH23: 0 | AI23: 0 | AJ23: 0 | AK23: 0 | AL23: 0 | AM23: 0 | AN23: 0 | AO23: 0 | AP23: 0 | AQ23: 0 | AR23: 0 | AS23: 0 | AT23: 0 | AU23: 0
A24: Wenonah | B24: Gloucester | C24: 3401578110 | D24: borough | E24: unvisited | F24: 0 | G24: 0 | H24: 0 | I24: 0 | J24: 0 | K24: https://en.wikipedia.org/wiki/Wenonah,_New_Jersey | L24: 0 | M24: 0 | N24: 0 | O24: 0 | P24: 0 | Q24: 0 | R24: 0 | S24: 0 | T24: 0 | U24: 0 | V24: 0 | W24: 0 | X24: 0 | Y24: 0 | Z24: 0 | AA24: 0 | AB24: 0 | AC24: 0 | AD24: 0 | AE24: 0 | AF24: 0 | AG24: 0 | AH24: 0 | AI24: 0 | AJ24: 0 | AK24: 0 | AL24: 0 | AM24: 0 | AN24: 0 | AO24: 0 | AP24: 0 | AQ24: 0 | AR24: 0 | AS24: 0 | AT24: 0 | AU24: 0
A25: West Deptford | B25: Gloucester | C25: 3401578800 | D25: township | E25: unvisited | F25: 0 | G25: 0 | H25: 0 | I25: 0 | J25: 0 | K25: https://en.wikipedia.org/wiki/West_Deptford_Township,_New_Jersey | L25: 0 | M25: 0 | N25: 0 | O25: 0 | P25: 0 | Q25: 0 | R25: 0 | S25: 0 | T25: 0 | U25: 0 | V25: 0 | W25: 0 | X25: 0 | Y25: 0 | Z25: 0 | AA25: 0 | AB25: 0 | AC25: 0 | AD25: 0 | AE25: 0 | AF25: 0 | AG25: 0 | AH25: 0 | AI25: 0 | AJ25: 0 | AK25: 0 | AL25: 0 | AM25: 0 | AN25: 0 | AO25: 0 | AP25: 0 | AQ25: 0 | AR25: 0 | AS25: 0 | AT25: 0 | AU25: 0
A26: Westville | B26: Gloucester | C26: 3401580120 | D26: borough | E26: unvisited | F26: 0 | G26: 0 | H26: 0 | I26: 0 | J26: 0 | K26: https://en.wikipedia.org/wiki/Westville,_New_Jersey | L26: 0 | M26: 0 | N26: 0 | O26: 0 | P26: 0 | Q26: 0 | R26: 0 | S26: 0 | T26: 0 | U26: 0 | V26: 0 | W26: 0 | X26: 0 | Y26: 0 | Z26: 0 | AA26: 0 | AB26: 0 | AC26: 0 | AD26: 0 | AE26: 0 | AF26: 0 | AG26: 0 | AH26: 0 | AI26: 0 | AJ26: 0 | AK26: 0 | AL26: 0 | AM26: 0 | AN26: 0 | AO26: 0 | AP26: 0 | AQ26: 0 | AR26: 0 | AS26: 0 | AT26: 0 | AU26: 0
A27: Woodbury | B27: Gloucester | C27: 3401582120 | D27: city | E27: queued | F27: 187 | G27: The Colonial Diner | H27: 45396 | I27: Colonial Diner | J27: https://www.colonialdiner.com/ | K27: https://en.wikipedia.org/wiki/Woodbury,_New_Jersey | L27: 0 | M27: 0 | N27: 0 | O27: 0 | P27: 0 | Q27: 0 | R27: 0 | S27: 0 | T27: 0 | U27: 0 | V27: 0 | W27: 0 | X27: 0 | Y27: 0 | Z27: 0 | AA27: 0 | AB27: 0 | AC27: 0 | AD27: 0 | AE27: 0 | AF27: 0 | AG27: 0 | AH27: 0 | AI27: 0 | AJ27: 0 | AK27: 0 | AL27: 0 | AM27: 0 | AN27: 0 | AO27: 0 | AP27: 0 | AQ27: 0 | AR27: 0 | AS27: 0 | AT27: 0 | AU27: 0
A28: Woodbury Heights | B28: Gloucester | C28: 3401582180 | D28: borough | E28: queued | F28: 280 | G28: The Hollywood Diner and Bar | H28: 45937 | I28: Hollywood Diner | J28: https://www.thehollywooddiner.com/ | K28: https://en.wikipedia.org/wiki/Woodbury_Heights,_New_Jersey | L28: 0 | M28: 0 | N28: 0 | O28: 0 | P28: 0 | Q28: 0 | R28: 0 | S28: 0 | T28: 0 | U28: 0 | V28: 0 | W28: 0 | X28: 0 | Y28: 0 | Z28: 0 | AA28: 0 | AB28: 0 | AC28: 0 | AD28: 0 | AE28: 0 | AF28: 0 | AG28: 0 | AH28: 0 | AI28: 0 | AJ28: 0 | AK28: 0 | AL28: 0 | AM28: 0 | AN28: 0 | AO28: 0 | AP28: 0 | AQ28: 0 | AR28: 0 | AS28: 0 | AT28: 0 | AU28: 0
A29: Woolwich | B29: Gloucester | C29: 3401582840 | D29: township | E29: queued | F29: 157 | G29: Dunkin' Donuts | H29: 45283 | I29: Dunkin' | J29: https://www.dunkindonuts.com/ | K29: https://en.wikipedia.org/wiki/Woolwich_Township,_New_Jersey | L29: 0 | M29: 0 | N29: 0 | O29: 0 | P29: 0 | Q29: 0 | R29: 0 | S29: 0 | T29: 0 | U29: 0 | V29: 0 | W29: 0 | X29: 0 | Y29: 0 | Z29: 0 | AA29: 0 | AB29: 0 | AC29: 0 | AD29: 0 | AE29: 0 | AF29: 0 | AG29: 0 | AH29: 0 | AI29: 0 | AJ29: 0 | AK29: 0 | AL29: 0 | AM29: 0 | AN29: 0 | AO29: 0 | AP29: 0 | AQ29: 0 | AR29: 0 | AS29: 0 | AT29: 0 | AU29: 0

Sheet Hudson
A1: Hudson County
A2: Total Towns | B2: =COUNTIF(Data!B$3:B$602,"Hudson") -> 12 | C2: Visited | D2: =COUNTIFS(Data!B$3:B$602,"Hudson",Data!E3:E602,"visited")+COUNTIFS(Data!B$3:B$602,"Hudson",Data!E3:E602,"queued")+COUNTIFS(Data!B$3:B$602,"Hudson",Data!E3:E602,"pre-challenge") -> 11 | E2: To Go | F2: =B2-D2 -> 1
A4: MUNICIPALITY | E4: VISIT DATA | I4: RESTAURANT LINK | K4: WIKIPEDIA | L4: INSTAGRAM | P4: TIKTOK | T4: YOUTUBE | X4: THREADS | AB4: BLUESKY | AF4: FACEBOOK | AJ4: EXTRA / OVERFLOW LINKS
A5: name | B5: county | C5: geoid | D5: townType | E5: status | F5: visitNumber | G5: restaurantName | H5: dateVisited | I5: restaurant_label | J5: restaurant_url | K5: wikipedia_url | L5: instagram1_label | M5: instagram1_url | N5: instagram2_label | O5: instagram2_url | P5: tiktok1_label | Q5: tiktok1_url | R5: tiktok2_label | S5: tiktok2_url | T5: youtube1_label | U5: youtube1_url | V5: youtube2_label | W5: youtube2_url | X5: threads1_label | Y5: threads1_url | Z5: threads2_label | AA5: threads2_url | AB5: bluesky1_label | AC5: bluesky1_url | AD5: bluesky2_label | AE5: bluesky2_url | AF5: facebook1_label | AG5: facebook1_url | AH5: facebook2_label | AI5: facebook2_url | AJ5: extra1_category | AK5: extra1_platform | AL5: extra1_label | AM5: extra1_url | AN5: extra2_category | AO5: extra2_platform | AP5: extra2_label | AQ5: extra2_url | AR5: extra3_category | AS5: extra3_platform | AT5: extra3_label | AU5: extra3_url
A6: {=_xlfn._xlws.FILTER(Data!A$3:AU$602,Data!B$3:B$602="Hudson","")} -> Bayonne | B6: Hudson | C6: 3401703580 | D6: city | E6: pre-challenge | F6: 0 | G6: Otaiko Hibachi & Sushi Lounge | H6: 44746 | I6: Otaiko Hibachi & Sushi Lounge | J6: https://otaikobayonne.com/ | K6: https://en.wikipedia.org/wiki/Bayonne,_New_Jersey | L6: 0 | M6: 0 | N6: 0 | O6: 0 | P6: 0 | Q6: 0 | R6: 0 | S6: 0 | T6: 0 | U6: 0 | V6: 0 | W6: 0 | X6: 0 | Y6: 0 | Z6: 0 | AA6: 0 | AB6: 0 | AC6: 0 | AD6: 0 | AE6: 0 | AF6: 0 | AG6: 0 | AH6: 0 | AI6: 0 | AJ6: 0 | AK6: 0 | AL6: 0 | AM6: 0 | AN6: 0 | AO6: 0 | AP6: 0 | AQ6: 0 | AR6: 0 | AS6: 0 | AT6: 0 | AU6: 0
A7: East Newark | B7: Hudson | C7: 3401719360 | D7: borough | E7: visited | F7: 113 | G7: Tops Diner | H7: 45176 | I7: Tops Diner | J7: https://www.thetopsdiner.com/ | K7: https://en.wikipedia.org/wiki/East_Newark,_New_Jersey | L7: NJ Town #113: East Newark | M7: https://www.instagram.com/p/DJkVCz_RHYf/ | N7: 0 | O7: 0 | P7: 0 | Q7: 0 | R7: 0 | S7: 0 | T7: 0 | U7: 0 | V7: 0 | W7: 0 | X7: 0 | Y7: 0 | Z7: 0 | AA7: 0 | AB7: 0 | AC7: 0 | AD7: 0 | AE7: 0 | AF7: 0 | AG7: 0 | AH7: 0 | AI7: 0 | AJ7: 0 | AK7: 0 | AL7: Town #113 | AM7: https://www.instagram.com/p/DJkVCz_RHYf/ | AN7: 0 | AO7: 0 | AP7: 0 | AQ7: 0 | AR7: 0 | AS7: 0 | AT7: 0 | AU7: 0
A8: Guttenberg | B8: Hudson | C8: 3401728650 | D8: town | E8: visited | F8: 99 | G8: Rumba Cubana | H8: 45149 | I8: Rumba Cubana | J8: https://www.rumbacubana.com/ | K8: https://en.wikipedia.org/wiki/Guttenberg,_New_Jersey | L8: NJ Town #99: Guttenberg | M8: https://www.instagram.com/p/DE5gvsaR9GF/ | N8: 0 | O8: 0 | P8: 0 | Q8: 0 | R8: 0 | S8: 0 | T8: 0 | U8: 0 | V8: 0 | W8: 0 | X8: 0 | Y8: 0 | Z8: 0 | AA8: 0 | AB8: 0 | AC8: 0 | AD8: 0 | AE8: 0 | AF8: 0 | AG8: 0 | AH8: 0 | AI8: 0 | AJ8: 0 | AK8: 0 | AL8: Town #99 | AM8: https://www.instagram.com/p/DE5gvsaR9GF/ | AN8: 0 | AO8: 0 | AP8: 0 | AQ8: 0 | AR8: 0 | AS8: 0 | AT8: 0 | AU8: 0
A9: Harrison | B9: Hudson | C9: 3401730210 | D9: town | E9: queued | F9: 134 | G9: Mi Flor De La Canela | H9: 45232 | I9: 0 | J9: 0 | K9: https://en.wikipedia.org/wiki/Harrison,_Hudson_County,_New_Jersey | L9: 0 | M9: 0 | N9: 0 | O9: 0 | P9: 0 | Q9: 0 | R9: 0 | S9: 0 | T9: 0 | U9: 0 | V9: 0 | W9: 0 | X9: 0 | Y9: 0 | Z9: 0 | AA9: 0 | AB9: 0 | AC9: 0 | AD9: 0 | AE9: 0 | AF9: 0 | AG9: 0 | AH9: 0 | AI9: 0 | AJ9: 0 | AK9: 0 | AL9: 0 | AM9: 0 | AN9: 0 | AO9: 0 | AP9: 0 | AQ9: 0 | AR9: 0 | AS9: 0 | AT9: 0 | AU9: 0
A10: Hoboken | B10: Hudson | C10: 3401732250 | D10: city | E10: pre-challenge | F10: 0 | G10: Margherita's | H10: 42659 | I10: Margherita's | J10: https://www.margheritasrestaurant.com/ | K10: https://en.wikipedia.org/wiki/Hoboken,_New_Jersey | L10: 0 | M10: 0 | N10: 0 | O10: 0 | P10: 0 | Q10: 0 | R10: 0 | S10: 0 | T10: 0 | U10: 0 | V10: 0 | W10: 0 | X10: 0 | Y10: 0 | Z10: 0 | AA10: 0 | AB10: 0 | AC10: 0 | AD10: 0 | AE10: 0 | AF10: 0 | AG10: 0 | AH10: 0 | AI10: 0 | AJ10: 0 | AK10: 0 | AL10: 0 | AM10: 0 | AN10: 0 | AO10: 0 | AP10: 0 | AQ10: 0 | AR10: 0 | AS10: 0 | AT10: 0 | AU10: 0
A11: Jersey City | B11: Hudson | C11: 3401736000 | D11: city | E11: pre-challenge | F11: 0 | G11: Max's Chicken | H11: 43002 | I11: Max's Restaurant | J11: https://www.maxsrestaurantna.com/ | K11: https://en.wikipedia.org/wiki/Jersey_City,_New_Jersey | L11: 0 | M11: 0 | N11: 0 | O11: 0 | P11: 0 | Q11: 0 | R11: 0 | S11: 0 | T11: 0 | U11: 0 | V11: 0 | W11: 0 | X11: 0 | Y11: 0 | Z11: 0 | AA11: 0 | AB11: 0 | AC11: 0 | AD11: 0 | AE11: 0 | AF11: 0 | AG11: 0 | AH11: 0 | AI11: 0 | AJ11: 0 | AK11: 0 | AL11: 0 | AM11: 0 | AN11: 0 | AO11: 0 | AP11: 0 | AQ11: 0 | AR11: 0 | AS11: 0 | AT11: 0 | AU11: 0
A12: Kearny | B12: Hudson | C12: 3401736510 | D12: town | E12: queued | F12: 147 | G12: Vincente's Bread Kitchen & Cafe | H12: 45256 | I12: Vicente's Bread Kitchen & Café | J12: https://www.vicentesbread.com/ | K12: https://en.wikipedia.org/wiki/Kearny,_New_Jersey | L12: 0 | M12: 0 | N12: 0 | O12: 0 | P12: 0 | Q12: 0 | R12: 0 | S12: 0 | T12: 0 | U12: 0 | V12: 0 | W12: 0 | X12: 0 | Y12: 0 | Z12: 0 | AA12: 0 | AB12: 0 | AC12: 0 | AD12: 0 | AE12: 0 | AF12: 0 | AG12: 0 | AH12: 0 | AI12: 0 | AJ12: 0 | AK12: 0 | AL12: 0 | AM12: 0 | AN12: 0 | AO12: 0 | AP12: 0 | AQ12: 0 | AR12: 0 | AS12: 0 | AT12: 0 | AU12: 0
A13: North Bergen | B13: Hudson | C13: 3401752470 | D13: township | E13: unvisited | F13: 0 | G13: 0 | H13: 0 | I13: 0 | J13: 0 | K13: https://en.wikipedia.org/wiki/North_Bergen_Township,_New_Jersey | L13: 0 | M13: 0 | N13: 0 | O13: 0 | P13: 0 | Q13: 0 | R13: 0 | S13: 0 | T13: 0 | U13: 0 | V13: 0 | W13: 0 | X13: 0 | Y13: 0 | Z13: 0 | AA13: 0 | AB13: 0 | AC13: 0 | AD13: 0 | AE13: 0 | AF13: 0 | AG13: 0 | AH13: 0 | AI13: 0 | AJ13: 0 | AK13: 0 | AL13: 0 | AM13: 0 | AN13: 0 | AO13: 0 | AP13: 0 | AQ13: 0 | AR13: 0 | AS13: 0 | AT13: 0 | AU13: 0
A14: Secaucus | B14: Hudson | C14: 3401766570 | D14: town | E14: queued | F14: 138 | G14: Legends Diner | H14: 45241 | I14: Legends Diner | J14: https://www.legendsdiner-nj.com/ | K14: https://en.wikipedia.org/wiki/Secaucus,_New_Jersey | L14: 0 | M14: 0 | N14: 0 | O14: 0 | P14: 0 | Q14: 0 | R14: 0 | S14: 0 | T14: 0 | U14: 0 | V14: 0 | W14: 0 | X14: 0 | Y14: 0 | Z14: 0 | AA14: 0 | AB14: 0 | AC14: 0 | AD14: 0 | AE14: 0 | AF14: 0 | AG14: 0 | AH14: 0 | AI14: 0 | AJ14: 0 | AK14: 0 | AL14: 0 | AM14: 0 | AN14: 0 | AO14: 0 | AP14: 0 | AQ14: 0 | AR14: 0 | AS14: 0 | AT14: 0 | AU14: 0
A15: Union City | B15: Hudson | C15: 3401774630 | D15: city | E15: queued | F15: 155 | G15: El Artesano Restaurant | H15: 45279 | I15: El Artesano Restaurant | J15: https://elartesanorestaurant.com/ | K15: https://en.wikipedia.org/wiki/Union_City,_New_Jersey | L15: 0 | M15: 0 | N15: 0 | O15: 0 | P15: 0 | Q15: 0 | R15: 0 | S15: 0 | T15: 0 | U15: 0 | V15: 0 | W15: 0 | X15: 0 | Y15: 0 | Z15: 0 | AA15: 0 | AB15: 0 | AC15: 0 | AD15: 0 | AE15: 0 | AF15: 0 | AG15: 0 | AH15: 0 | AI15: 0 | AJ15: 0 | AK15: 0 | AL15: 0 | AM15: 0 | AN15: 0 | AO15: 0 | AP15: 0 | AQ15: 0 | AR15: 0 | AS15: 0 | AT15: 0 | AU15: 0
